Date,Open,High,Low,Close,Adj Close,Volume
01-01-2016,4621,4668,4602.350098,4638.5,4352.271973,243597
04-01-2016,4635,4657,4571.75,4580.649902,4297.991699,405501
05-01-2016,4599.950195,4600.75,4557.25,4566.950195,4285.137207,509285
06-01-2016,4592,4593,4468,4480.799805,4204.302734,593742
07-01-2016,4449.700195,4449.700195,4251.850098,4267.899902,4004.540283,1200069
08-01-2016,4286.299805,4325,4195.799805,4214.75,3954.669678,994652
11-01-2016,4190,4300,4117,4272.399902,4008.762451,865799
12-01-2016,4310,4324.799805,4260,4269,4005.572754,481142
13-01-2016,4298,4310,4221.350098,4291.25,4026.449707,431206
14-01-2016,4239,4289,4212.700195,4248.25,3986.103271,402026
15-01-2016,4265,4340,4254,4273.350098,4009.654297,592183
18-01-2016,4279,4289.25,4172.850098,4236.200195,3974.796387,396124
19-01-2016,4241,4244.950195,4165,4198.149902,3939.094482,499001
20-01-2016,4169.850098,4189.950195,4028.5,4058.949951,3808.483643,679992
21-01-2016,4084.949951,4084.949951,3870,3891.699951,3651.554443,1212801
22-01-2016,3942.949951,4119.899902,3930.149902,4104.950195,3851.645508,1063413
25-01-2016,4125.950195,4172,4073.899902,4081.350098,3829.501709,608634
27-01-2016,4131,4179,4092,4111.950195,3858.213867,886550
28-01-2016,4080,4139.899902,4031,4103.299805,3850.097412,1677354
29-01-2016,3925,4124,3923,4095.850098,3843.107178,2147231
01-02-2016,4100.899902,4119,3933.649902,3948.25,3704.614746,1904034
02-02-2016,3952.600098,3985,3851.550049,3874.949951,3635.838135,902619
03-02-2016,3870,3870,3784.649902,3828.350098,3592.11377,1101308
04-02-2016,3864,3881.899902,3774,3794.649902,3560.493164,597800
05-02-2016,3784.699951,3790,3693.300049,3723.399902,3493.640137,1245857
08-02-2016,3749,3789,3715.050049,3732.550049,3502.225586,559505
09-02-2016,3685,3689,3620,3657.100098,3431.431396,657011
10-02-2016,3639.850098,3718,3600,3678.550049,3451.557373,795377
11-02-2016,3651.100098,3664.300049,3518.5,3541.449951,3322.917236,1066224
12-02-2016,3570,3588,3461,3549.649902,3330.611328,1211696
15-02-2016,3605.949951,3724.899902,3604.399902,3711.25,3482.239502,1182286
16-02-2016,3725.25,3748.949951,3651.199951,3705.199951,3476.562988,753873
17-02-2016,3679.899902,3755,3661.5,3749.149902,3517.801025,652019
18-02-2016,3781.25,3796.850098,3622.100098,3653.25,3427.818848,1243826
19-02-2016,3640,3640,3559,3579.149902,3358.290771,718677
22-02-2016,3539,3545,3491.550049,3520.800049,3303.541992,1291463
23-02-2016,3530,3568.449951,3480,3487.399902,3272.202637,796836
24-02-2016,3499.949951,3530,3480,3489.699951,3274.36084,605914
25-02-2016,3509.649902,3510,3401,3414.149902,3203.472412,840542
26-02-2016,3452,3459.100098,3375.100098,3409.199951,3198.828125,831491
29-02-2016,3425,3434.949951,3193.25,3236.5,3036.784912,2218323
01-03-2016,3200.899902,3510,3200.899902,3494.399902,3278.770752,1924803
02-03-2016,3542.949951,3627.699951,3540.050049,3612.649902,3389.723877,1236996
03-03-2016,3625.800049,3647,3578,3608.649902,3385.970703,742263
04-03-2016,3619,3619,3526,3555.100098,3335.725586,610234
08-03-2016,3552.949951,3598.949951,3450.600098,3462.649902,3248.979736,1100041
09-03-2016,3454.850098,3600,3441.100098,3576.399902,3355.710693,752948
10-03-2016,3600,3634.699951,3573.399902,3627.199951,3403.376221,1016572
11-03-2016,3633.699951,3690,3616.050049,3641.199951,3416.512451,1002559
14-03-2016,3660,3684,3627.050049,3648.149902,3423.033203,483295
15-03-2016,3670,3679.899902,3615.5,3654.550049,3429.038574,688839
16-03-2016,3650,3675,3637.5,3667.350098,3441.048584,459188
17-03-2016,3686.350098,3750,3620,3635.449951,3411.116699,710449
18-03-2016,3640,3649.699951,3557.050049,3621.399902,3397.933838,1073782
21-03-2016,3630.100098,3678.800049,3605,3669.550049,3443.112793,474712
22-03-2016,3669,3735.949951,3652,3699.550049,3471.261963,713115
23-03-2016,3711.850098,3744,3666.449951,3736,3505.462402,586282
28-03-2016,3759,3777.800049,3629.949951,3638.949951,3414.401123,743468
29-03-2016,3649,3769,3645,3729.949951,3499.785889,686482
30-03-2016,3745,3749.899902,3684,3727.449951,3497.439941,872340
31-03-2016,3739.5,3748.75,3664,3716.300049,3486.977783,1223191
01-04-2016,3700.449951,3764.949951,3682,3723.199951,3493.452393,769731
04-04-2016,3735,3751.5,3676,3683.25,3455.967285,299849
05-04-2016,3676,3696.899902,3536.5,3554.850098,3335.490723,826024
06-04-2016,3568,3607.300049,3546,3573.050049,3352.567871,664480
07-04-2016,3556.5,3556.5,3450,3471,3256.814453,1221608
08-04-2016,3460,3474,3418.5,3430.649902,3218.95459,1631533
11-04-2016,3437,3488,3423,3478.649902,3263.99292,970375
12-04-2016,3470.199951,3609.850098,3465.050049,3573.699951,3353.17749,1404427
13-04-2016,3613,3745.350098,3606.600098,3731.600098,3501.333984,1107727
18-04-2016,3720.800049,3750,3680,3718.949951,3489.4646,999621
20-04-2016,3724.350098,3724.350098,3651,3670.050049,3443.582275,1830988
21-04-2016,3695,3737.25,3674,3705.300049,3476.656738,1928958
22-04-2016,3703,3833,3680.100098,3816.050049,3580.572754,1165761
25-04-2016,3806.100098,3842,3715.149902,3727.949951,3497.90918,838216
26-04-2016,3704.050049,3894,3691.899902,3871.550049,3632.648193,2782566
27-04-2016,3841.100098,3932.75,3830.25,3859.399902,3621.247803,1388262
28-04-2016,3819,3854,3735.100098,3747.949951,3516.675049,1821236
29-04-2016,3742,3820,3725,3794.649902,3560.493164,962848
02-05-2016,3799.899902,3840,3751.600098,3830.850098,3594.459473,762337
03-05-2016,3840.800049,3879,3795.699951,3819.949951,3584.231934,795697
04-05-2016,3800,3844,3796.050049,3811.550049,3576.350586,557609
05-05-2016,3825,3850,3802,3836.850098,3600.089111,485772
06-05-2016,3829.949951,3835,3802,3818.949951,3583.293701,411877
09-05-2016,3830,3878,3825,3846.5,3609.144043,771389
10-05-2016,3850.5,3897.050049,3835.100098,3844.800049,3607.548584,1094666
11-05-2016,3800,3898,3790,3890.050049,3650.006348,679706
12-05-2016,3884.850098,3909.800049,3841.5,3854.199951,3616.368652,857976
13-05-2016,3856,3877.899902,3828,3846.25,3608.90918,435056
16-05-2016,3870,3895,3840,3881.600098,3642.077881,878812
17-05-2016,3891.050049,3969,3886.25,3950.699951,3706.913818,865028
18-05-2016,3928.800049,3939,3805.050049,3914.899902,3673.322998,1921044
19-05-2016,3900,3940,3881,3926.600098,3684.30127,679821
20-05-2016,3883.800049,3959,3881.100098,3944.949951,3701.518555,485214
23-05-2016,3964,3968.300049,3900,3913.850098,3672.338135,348354
24-05-2016,3913.800049,3937.949951,3893.149902,3924.199951,3682.049072,283533
25-05-2016,3948,4072,3940,4060.949951,3810.36084,842663
26-05-2016,4064,4125,4027.199951,4118,3863.890625,1074664
27-05-2016,4114.700195,4162,4091.050049,4146.600098,3890.72583,880888
30-05-2016,4132,4155.200195,4054,4071.75,3820.494141,555311
31-05-2016,4060,4180,4055.050049,4161.600098,3904.799805,775477
01-06-2016,4170.700195,4199.950195,4150,4165.350098,3908.318604,647041
02-06-2016,4150,4194.950195,4124,4186.649902,3928.303711,411143
03-06-2016,4192.149902,4235,4180,4217.950195,3957.67334,591630
06-06-2016,4216,4217,4118,4142,3886.40918,443085
07-06-2016,4175,4188.950195,4118,4135.649902,3880.451172,471388
08-06-2016,4131,4169.799805,4124.700195,4160.100098,3903.392578,417715
09-06-2016,4152.049805,4189.75,4140,4169.149902,3911.883789,305434
10-06-2016,4165.100098,4197,4100,4111.5,3857.79126,464892
13-06-2016,4074,4150,4062,4134.75,3879.606689,385639
14-06-2016,4145,4155.899902,4096,4104.5,3851.223145,403193
15-06-2016,4125,4215,4112.100098,4209.600098,3949.837891,510807
16-06-2016,4160,4164,4062,4084.100098,3832.08252,1118517
17-06-2016,4115,4158,4093.449951,4114.5,3860.606445,951658
20-06-2016,4076.550049,4144.799805,4065.699951,4133.200195,3878.152588,667114
21-06-2016,4146,4168.100098,4109,4157.399902,3900.859131,512383
22-06-2016,4145,4180.5,4125.049805,4151.350098,3895.182373,417540
23-06-2016,4151.899902,4175,4120.450195,4168.600098,3911.367676,341093
24-06-2016,4053,4092.100098,3866.600098,4070.050049,3818.89917,1559787
27-06-2016,4061,4061,4004.100098,4025.100098,3776.7229,836629
28-06-2016,4041.100098,4081.949951,4040,4078.699951,3827.015381,626447
29-06-2016,4100,4141,4089.199951,4131.25,3876.32251,646945
30-06-2016,4179.899902,4200,4145.549805,4187.200195,3928.819824,770542
01-07-2016,4188.600098,4214.200195,4132,4165.399902,3908.36499,804652
04-07-2016,4171,4190.5,4155.75,4173.799805,3916.24707,343648
05-07-2016,4180,4202,4150,4173.350098,3915.824951,282439
07-07-2016,4181.100098,4189.899902,4125,4141.100098,3885.564697,325843
08-07-2016,4142,4175.649902,4126,4161.799805,3904.987305,261295
11-07-2016,4190,4285.899902,4189.950195,4272.049805,4008.434082,518428
12-07-2016,4300,4382,4291,4370.399902,4100.715332,688921
13-07-2016,4350,4360,4301,4321.399902,4054.738525,416940
14-07-2016,4326,4439,4326,4428.299805,4155.041992,637580
15-07-2016,4450,4493.549805,4404.5,4472.049805,4196.093262,654076
18-07-2016,4477,4564.399902,4432.399902,4454.75,4179.860352,684924
19-07-2016,4455.200195,4499,4440,4485.700195,4208.900879,378788
20-07-2016,4471.850098,4510,4452.049805,4469.149902,4193.37207,357560
21-07-2016,4489,4493.049805,4405.25,4413.700195,4141.34375,252227
22-07-2016,4421,4449,4405,4414.700195,4142.281738,339886
25-07-2016,4427,4565,4421,4550.549805,4269.748535,499616
26-07-2016,4575.149902,4584,4451.149902,4471.299805,4195.38916,1828186
27-07-2016,4510.299805,4628,4510,4558.149902,4276.879883,1212744
28-07-2016,4579,4784,4570.549805,4763.5,4469.558105,1879461
29-07-2016,4751,4824,4720.549805,4757.600098,4464.022461,799265
01-08-2016,4798.950195,4885,4772.25,4866.25,4565.968262,1206974
02-08-2016,4900,5039,4880,4986.049805,4678.375488,1611134
03-08-2016,5014.899902,5020,4853.149902,4873.850098,4573.099121,1019631
04-08-2016,4945,4945,4869.350098,4889.649902,4587.924316,727097
05-08-2016,4919,4965,4900,4941.649902,4636.714844,598288
08-08-2016,4980,5010,4960.049805,4991.75,4683.724121,474502
09-08-2016,5009.899902,5021.75,4915.399902,4960.850098,4654.730469,508711
10-08-2016,4975,4980,4850,4861.600098,4561.605469,512317
11-08-2016,4862.100098,4923.5,4805,4878.649902,4577.603027,623156
12-08-2016,4882,4940,4847.100098,4898.600098,4596.321777,686072
16-08-2016,4948,4948,4852,4864.200195,4564.044922,793106
17-08-2016,4860,4911.299805,4849.100098,4889.850098,4588.111816,498247
18-08-2016,4920.850098,4950,4901,4915.850098,4612.507324,479572
19-08-2016,4916,4933.200195,4889.049805,4900.100098,4597.729004,426426
22-08-2016,4896,4897,4828,4837.75,4539.226563,292890
23-08-2016,4835.049805,4855.200195,4800,4833.799805,4535.52002,270869
24-08-2016,4890,4983.799805,4886.450195,4948.549805,4643.189453,952400
25-08-2016,4973.799805,4982.799805,4906.25,4933.700195,4629.255859,914319
26-08-2016,4934.799805,4964.899902,4910.100098,4920.899902,4617.245605,337715
29-08-2016,4925,4955,4920.899902,4927.399902,4623.345215,299611
30-08-2016,4955,5103.899902,4951,5067.649902,4754.939941,996156
31-08-2016,5063.899902,5103.850098,5036.299805,5053.649902,4774.780762,804288
01-09-2016,5074,5100,5019.299805,5060.75,4781.489258,870402
02-09-2016,5078,5188.649902,5075,5160.450195,4875.687988,956049
06-09-2016,5201,5335,5201,5319.700195,5026.150879,970024
07-09-2016,5319,5362,5290.100098,5336.049805,5041.598633,734051
08-09-2016,5321,5499,5319,5489.399902,5186.48584,942300
09-09-2016,5489.700195,5489.950195,5377.049805,5403,5104.854004,547599
12-09-2016,5305,5350,5251,5329,5034.937012,795632
14-09-2016,5330.049805,5384.75,5330.049805,5363.899902,5067.911133,539702
15-09-2016,5356,5461,5349.549805,5452.399902,5151.527344,704384
16-09-2016,5473,5619.899902,5473,5573.299805,5265.755859,1669960
19-09-2016,5569,5569,5485,5491.899902,5188.847656,632835
20-09-2016,5525,5560,5498.350098,5514.850098,5210.532227,423083
21-09-2016,5526,5542.5,5462.100098,5501.25,5197.681641,549370
22-09-2016,5565.350098,5634.100098,5564.950195,5597.100098,5288.243164,526494
23-09-2016,5630,5630,5565.600098,5601.799805,5292.683594,559592
26-09-2016,5586,5625,5555.549805,5568.899902,5261.599121,418297
27-09-2016,5598.950195,5599.950195,5500,5511.399902,5207.271973,427991
28-09-2016,5510.600098,5555,5506,5521.799805,5217.097168,449876
29-09-2016,5575,5577,5395,5438.600098,5138.489746,693217
30-09-2016,5420,5497.5,5382.600098,5477.299805,5175.053223,646631
03-10-2016,5661,5720,5631.799805,5681,5367.513184,840940
04-10-2016,5715.149902,5717.950195,5650,5680,5366.568848,464913
05-10-2016,5707,5767,5673,5689.200195,5375.260742,644731
06-10-2016,5700,5745.600098,5700,5710.450195,5395.338379,416860
07-10-2016,5709.450195,5717.25,5667.299805,5683.799805,5370.157715,309473
10-10-2016,5724.899902,5734.399902,5695.950195,5712.350098,5397.132813,205840
13-10-2016,5690,5752.799805,5652.600098,5718.549805,5402.991211,441169
14-10-2016,5760.200195,5766.950195,5669.100098,5690.450195,5376.442383,352350
17-10-2016,5699,5699,5574.600098,5599.100098,5290.132324,400595
18-10-2016,5621,5645.350098,5580.100098,5626.700195,5316.209961,487798
19-10-2016,5633.700195,5647.899902,5593.049805,5604.600098,5295.329102,384608
20-10-2016,5615,5683.5,5615,5644.5,5333.027344,311728
21-10-2016,5650.5,5670,5616,5650.200195,5338.413086,224567
24-10-2016,5666,5748,5666,5713.899902,5398.597656,412403
25-10-2016,5734,5799,5725.649902,5781.450195,5462.419922,339506
26-10-2016,5796.600098,5898,5785,5869.100098,5545.233398,590811
27-10-2016,5897,5948,5789.100098,5860.149902,5536.777344,1864862
28-10-2016,5922,5928.549805,5865.75,5876.149902,5551.894531,935542
01-11-2016,5919,5974,5855.200195,5878.100098,5553.737305,1163831
02-11-2016,5805,5864.899902,5785,5794.600098,5474.844727,522312
03-11-2016,5799.899902,5859.899902,5780,5805.549805,5485.19043,585730
04-11-2016,5789,5789,5667.299805,5704.850098,5390.047363,679821
07-11-2016,5763,5784.850098,5708,5715.950195,5400.53418,532212
08-11-2016,5727.799805,5731,5581.5,5669,5356.175781,684050
09-11-2016,5305,5553,5305,5392.950195,5095.358398,1299603
10-11-2016,5505.5,5517.25,5305,5328.5,5034.465332,942971
11-11-2016,5290,5292.950195,5103,5134.25,4850.933594,1058491
15-11-2016,5101.899902,5119.049805,4806.399902,4846.600098,4579.157227,2793900
16-11-2016,4924,5009.399902,4901.549805,4990.799805,4715.399902,1952224
17-11-2016,5030,5048,4916.299805,4925.549805,4653.75,668715
18-11-2016,4935,4989.899902,4887.899902,4950.899902,4677.702148,699355
21-11-2016,4990,4990,4765.299805,4787.450195,4523.270996,864696
22-11-2016,4830,4956,4825.549805,4934.549805,4662.253418,845997
23-11-2016,4945,4945,4860,4880.850098,4611.51709,757744
24-11-2016,4862,4883.899902,4804,4830.149902,4563.614746,550368
25-11-2016,4849,4905,4792.450195,4873.600098,4604.666992,669501
28-11-2016,4866,4913,4833,4893.75,4623.70459,1387068
29-11-2016,4898,5119,4896,5088.149902,4807.37793,874897
30-11-2016,5110.549805,5282,5100.100098,5266,4975.413574,1270618
01-12-2016,5266,5307.5,5204.25,5252.100098,4962.280273,1221883
02-12-2016,5220,5236.200195,5046,5068.100098,4788.433594,772281
05-12-2016,5063.899902,5219.899902,5055,5202.950195,4915.842773,578935
06-12-2016,5220,5261,5118.049805,5135.200195,4851.831055,646660
07-12-2016,5150.950195,5209.75,5035.049805,5116.649902,4834.305176,590462
08-12-2016,5172,5269.899902,5170,5234.600098,4945.746094,845955
09-12-2016,5290,5312.5,5201.200195,5235,4946.124023,562518
12-12-2016,5228,5228,5120.049805,5144.399902,4860.523438,357439
13-12-2016,5178.75,5207,5134.049805,5163.149902,4878.23877,484291
14-12-2016,5179.950195,5214.75,5130.200195,5141.049805,4857.358398,371699
15-12-2016,5099.950195,5197,5080,5152.049805,4867.751465,457317
16-12-2016,5174.5,5207,5151.200195,5188.649902,4902.331543,1170505
19-12-2016,5175,5195.450195,5104.049805,5115.049805,4832.793457,369118
20-12-2016,5135.899902,5147.5,5072,5108,4826.131836,377676
21-12-2016,5119.399902,5160,5073.549805,5137.850098,4854.334961,413072
22-12-2016,5144,5144,5053,5084.399902,4803.834961,399573
23-12-2016,5050,5214,5041,5197.149902,4910.363281,589006
26-12-2016,5179,5257.799805,5151.100098,5167.350098,4882.20752,510998
27-12-2016,5185,5237.399902,5117.200195,5224,4935.730957,486703
28-12-2016,5250,5278,5219.450195,5231.25,4942.581055,595514
29-12-2016,5217.200195,5349,5217.200195,5314.799805,5021.520508,655325
30-12-2016,5347,5377.899902,5303,5319.549805,5026.008301,559886
02-01-2017,5320.049805,5474.200195,5267.799805,5466,5164.376953,651321
03-01-2017,5466,5524.200195,5432.600098,5508.399902,5204.4375,631753
04-01-2017,5530,5554.700195,5494,5502.149902,5198.532227,679443
05-01-2017,5525.100098,5649.899902,5525.100098,5634.950195,5324.004395,744210
06-01-2017,5650,5657.299805,5597,5615.549805,5305.674805,544695
09-01-2017,5644.799805,5680,5610.600098,5658.5,5346.254883,345094
10-01-2017,5680,5693.700195,5641,5674.850098,5361.702148,410444
11-01-2017,5691,5772.899902,5691,5762.350098,5444.374023,539326
12-01-2017,5770,5795,5742,5777.350098,5458.545898,421634
13-01-2017,5792,5794,5683.649902,5699.5,5384.992188,1086873
16-01-2017,5697.950195,5725.200195,5661,5676.899902,5363.63916,290142
17-01-2017,5690,5718.899902,5657.049805,5669.399902,5356.554199,343048
18-01-2017,5685,5719,5665,5684.450195,5370.772949,308483
19-01-2017,5675,5728,5675,5718.350098,5402.802734,239027
20-01-2017,5717,5749,5642,5668.950195,5356.129395,444280
23-01-2017,5668.950195,5712.75,5643.799805,5700,5385.464844,297515
24-01-2017,5704,5745.75,5688.950195,5737.200195,5420.612305,301613
25-01-2017,5763.899902,5834,5708.049805,5802.549805,5482.355469,1148793
27-01-2017,5842,5927.700195,5825.049805,5915.899902,5589.450684,576906
30-01-2017,5916,5939,5885,5894.950195,5569.657715,323448
31-01-2017,5889,5934.899902,5875.5,5894.25,5568.995605,374637
01-02-2017,5900,6203.5,5886,6179.200195,5838.222168,1212008
02-02-2017,6170,6218.350098,6130,6144.350098,5805.294922,745214
03-02-2017,6147.899902,6156.649902,6096.549805,6115.450195,5777.990234,304078
06-02-2017,6157,6187,6125,6149.700195,5810.349609,322223
07-02-2017,6166,6231.5,6144,6213.200195,5870.345703,456427
08-02-2017,6219.700195,6233.899902,6165.149902,6194.649902,5852.819336,410369
09-02-2017,6195.5,6204,6111.600098,6157.100098,5817.342285,511610
10-02-2017,6170,6173.75,6096.399902,6112.25,5774.96582,284471
13-02-2017,6092,6139.899902,6002,6022,5689.696289,404675
14-02-2017,6045,6045,5928.100098,5939.850098,5612.079102,439745
15-02-2017,5950,5961.799805,5842.200195,5862.700195,5539.187012,609791
16-02-2017,5860,6037.950195,5860,6024.549805,5692.105469,576390
17-02-2017,6038,6055.850098,5955.049805,5989.75,5659.225586,326378
20-02-2017,5989.75,6120.75,5912.299805,6093.149902,5756.919922,504439
21-02-2017,6071.100098,6090.649902,6043,6063.149902,5728.575195,287864
22-02-2017,6073,6116.149902,6040,6079.649902,5744.165039,431264
23-02-2017,6090,6092.100098,6015.049805,6031,5698.199219,461009
27-02-2017,6005,6050.950195,5940,5951.5,5623.086914,394395
28-02-2017,5946.299805,6000,5914.799805,5922.5,5595.687012,558820
01-03-2017,5960,5998.799805,5885.149902,5919.600098,5592.947266,559896
02-03-2017,5951,5998.799805,5900.25,5918.75,5592.143555,473769
03-03-2017,5924,5928.950195,5875,5887.75,5562.854004,362057
06-03-2017,5925.5,5974.799805,5912,5934.850098,5607.355957,361209
07-03-2017,5931,5954,5881,5888.5,5563.563477,373103
08-03-2017,5895,5904.899902,5800,5864.149902,5540.557129,639968
09-03-2017,5884,5975,5864.149902,5964.399902,5635.274414,598391
10-03-2017,5997,6008.399902,5936.049805,5955.600098,5626.960938,443986
14-03-2017,6060,6144.399902,6010,6132.399902,5794.004395,875005
15-03-2017,6115,6168.799805,6092.5,6137.350098,5798.680664,384040
16-03-2017,6159.600098,6186.299805,6131.700195,6155.450195,5815.782715,252721
17-03-2017,6165,6226.799805,6150,6192.600098,5850.882813,1048024
20-03-2017,6220,6220,6151.100098,6158.899902,5819.041504,207710
21-03-2017,6164.75,6200.549805,6051.850098,6076.299805,5741.000488,532134
22-03-2017,6046.399902,6053.399902,5977.399902,6005.799805,5674.390137,462793
23-03-2017,6015.899902,6069,6015.899902,6034.799805,5701.789551,447530
24-03-2017,6047,6047,5992.100098,6004.649902,5673.303711,573292
27-03-2017,5977,6020,5965.649902,5985.799805,5655.493652,340512
28-03-2017,5971.200195,6049,5962.549805,5974.25,5644.581543,505962
29-03-2017,6008.899902,6008.899902,5929.350098,5944.149902,5616.14209,494597
30-03-2017,5965,6000.899902,5935.049805,5956.600098,5627.904785,898999
31-03-2017,5952,6041,5940.100098,6015.700195,5683.743652,501939
03-04-2017,6095,6095,6030,6072,5736.937012,378716
05-04-2017,6110,6359,6071.049805,6342.399902,5992.415527,1076674
06-04-2017,6335,6336,6260,6291.649902,5944.466797,505863
07-04-2017,6250,6336,6236.049805,6259.350098,5913.949219,467235
10-04-2017,6282,6307.799805,6245.049805,6268.850098,5922.924805,318486
11-04-2017,6274.799805,6305,6230,6247.799805,5903.036133,373105
12-04-2017,6263.899902,6263.899902,6126.700195,6154.5,5814.884766,415372
13-04-2017,6155,6175,6066.899902,6077.950195,5742.558594,386820
17-04-2017,6070.600098,6137.5,6021,6115.549805,5778.084473,342286
18-04-2017,6120,6234.350098,6120,6137.149902,5798.492188,453391
19-04-2017,6131.899902,6222.350098,6113.799805,6196.950195,5854.992676,366504
20-04-2017,6200,6303.149902,6188,6273.5,5927.317871,466934
21-04-2017,6283.899902,6295.049805,6177,6185.799805,5844.45752,294827
24-04-2017,6223.200195,6335,6200,6318.350098,5969.693848,426893
25-04-2017,6327.700195,6350,6282.5,6337.200195,5987.503418,384281
26-04-2017,6335,6424.75,6311,6406.299805,6052.790039,540500
27-04-2017,6439,6450,6320.350098,6374.049805,6022.319336,1087684
28-04-2017,6410,6589.799805,6390.549805,6524.850098,6164.79834,949573
02-05-2017,6676,6730,6618,6705.5,6335.479492,888539
03-05-2017,6714.799805,6714.950195,6631.100098,6644,6277.373535,370021
04-05-2017,6662,6686.950195,6626,6639.799805,6273.404785,372533
05-05-2017,6625.549805,6676.399902,6602,6654.149902,6286.962891,337498
08-05-2017,6688,6703.649902,6612.549805,6630.549805,6264.665039,208481
09-05-2017,6666,6666,6615,6629.299805,6263.483887,215203
10-05-2017,6645,6754,6635.899902,6737.75,6365.950195,295859
11-05-2017,6749,6789.399902,6711.100098,6762.5,6389.334473,259056
12-05-2017,6798,6798,6691,6730.200195,6358.816895,256491
15-05-2017,6759.399902,6839.100098,6733.450195,6823.899902,6447.345703,336356
16-05-2017,6850,6977.549805,6830,6953.950195,6570.220215,707624
17-05-2017,6950,6979,6885.850098,6958.200195,6574.23584,445461
18-05-2017,6918.299805,6948,6814.450195,6831.049805,6454.101074,406814
19-05-2017,6854.799805,6893.899902,6691.549805,6790.549805,6415.836426,552223
22-05-2017,6803.950195,6843.950195,6689.25,6701.700195,6331.88916,327493
23-05-2017,6765,6910,6743.649902,6878.850098,6499.26416,956457
24-05-2017,6903,6912.549805,6813,6869.649902,6490.571777,433647
25-05-2017,6879.950195,7018,6835,6985.700195,6600.218262,435721
26-05-2017,6971.149902,7085.049805,6936.200195,7064.799805,6674.952637,373937
29-05-2017,7050,7197.799805,7025.549805,7134.450195,6740.759277,427378
30-05-2017,7134.450195,7206.600098,7084.149902,7147.5,6753.089355,403698
31-05-2017,7138,7248,7134.950195,7211,6813.084961,650259
01-06-2017,7242,7245,7110.100098,7146.600098,6752.23877,649217
02-06-2017,7182,7187.700195,7100,7114.700195,6722.099121,310268
05-06-2017,7139.799805,7161.899902,7091.100098,7125.700195,6732.492676,296147
06-06-2017,7134,7154.299805,7085.049805,7112.100098,6719.642578,324579
07-06-2017,7135,7225,7107.600098,7205.700195,6808.078613,518152
08-06-2017,7199,7274.950195,7198,7249.5,6849.460938,426525
09-06-2017,7271,7480.899902,7230,7464.850098,7052.927246,1122640
12-06-2017,7445,7450,7355.5,7373.649902,6966.760254,454342
13-06-2017,7394.600098,7455,7335,7348.950195,6943.423828,607567
14-06-2017,7343,7392.450195,7331.850098,7351.049805,6945.407227,277472
15-06-2017,7348.350098,7393,7272.149902,7312.299805,6908.794434,388150
16-06-2017,7332,7360.049805,7250,7263.899902,6863.066406,547028
19-06-2017,7314,7322.149902,7235,7249.25,6849.224609,372747
20-06-2017,7265,7283.649902,7190.299805,7207.25,6809.541992,757716
21-06-2017,7220,7284.5,7153.299805,7268.200195,6867.129395,460423
22-06-2017,7291,7352,7288,7316.100098,6912.385742,436033
23-06-2017,7321.25,7331.649902,7205,7219.149902,6820.785156,355854
27-06-2017,7239.5,7267.200195,7155.100098,7183.350098,6786.960938,365667
28-06-2017,7213.950195,7324,7205,7225.049805,6826.359375,637214
29-06-2017,7254.899902,7290,7205,7224.350098,6825.699219,543979
30-06-2017,7214.799805,7233.600098,7157.149902,7217.600098,6819.321289,367886
03-07-2017,7238.899902,7365,7211.200195,7354,6948.195313,556846
04-07-2017,7386,7415.049805,7340,7376.149902,6969.12207,428293
05-07-2017,7374.75,7394,7332,7377.649902,6970.539063,273869
06-07-2017,7377.649902,7498,7376.200195,7474.049805,7061.619629,416512
07-07-2017,7470,7474.049805,7420,7432.799805,7022.645996,339803
10-07-2017,7458.799805,7500,6700,7430.450195,7020.425781,47033
11-07-2017,7473.899902,7495,7400,7457,7045.511719,423681
12-07-2017,7485,7485,7435.100098,7476.649902,7064.07666,233096
13-07-2017,7490,7574.5,7465.149902,7567.549805,7149.960449,472029
14-07-2017,7574.950195,7588.950195,7520,7557.25,7140.229004,267450
17-07-2017,7571.950195,7578,7504.299805,7522.299805,7107.206543,289180
18-07-2017,7525,7591.5,7515,7549.350098,7132.765137,387214
19-07-2017,7564.25,7584,7535,7561.5,7144.244141,223986
20-07-2017,7580,7584.5,7480.049805,7490.950195,7077.587402,290547
21-07-2017,7500,7549.899902,7445,7543,7126.764648,434483
24-07-2017,7554,7569,7495,7554.549805,7137.677734,357195
25-07-2017,7573,7573,7493.549805,7504.850098,7090.719727,323585
26-07-2017,7539,7595,7504,7565.25,7147.787109,377790
27-07-2017,7615,7683.399902,7536,7599.600098,7180.241699,1148259
28-07-2017,7617,7673.600098,7584,7630.450195,7209.389648,459181
31-07-2017,7664,7765,7651,7750.049805,7322.389648,505371
01-08-2017,7759.899902,7920,7725,7856.100098,7422.587891,1096934
02-08-2017,7878.899902,7880,7775,7795.5,7365.33252,414448
03-08-2017,7794,7829,7711,7737.399902,7310.4375,287116
04-08-2017,7750,7804.899902,7740,7770.299805,7341.522461,325021
07-08-2017,7779.5,7892.350098,7771,7838.649902,7406.100586,327318
08-08-2017,7849,7885,7736.899902,7755.899902,7327.916504,319951
09-08-2017,7759,7795,7639.100098,7661.600098,7238.820801,285089
10-08-2017,7637.350098,7640,7538.899902,7578.75,7160.54248,385730
11-08-2017,7501.899902,7533.799805,7380,7457.399902,7045.88916,676390
14-08-2017,7516,7647,7515,7608.450195,7188.603516,328598
16-08-2017,7649.100098,7720.100098,7585.049805,7701.149902,7276.187988,488766
17-08-2017,7701,7708.850098,7565,7582.450195,7164.038574,321296
18-08-2017,7551,7624,7531.350098,7598.799805,7179.48584,332924
21-08-2017,7629,7658.049805,7490,7501.899902,7087.932617,277519
22-08-2017,7540,7567.5,7475.100098,7496.100098,7082.453613,278131
23-08-2017,7548,7590,7501,7573.049805,7155.15625,258051
24-08-2017,7536,7635,7483.600098,7612.850098,7264.707031,436912
28-08-2017,7649,7649,7568.049805,7579,7232.405273,391028
29-08-2017,7565,7575.549805,7495.049805,7521.5,7177.53418,368309
30-08-2017,7603,7639.350098,7532.5,7557.450195,7211.84082,471048
31-08-2017,7564.899902,7720.399902,7532,7700.299805,7348.157715,586954
01-09-2017,7747.5,7834.899902,7730,7812.299805,7455.036133,627407
04-09-2017,7840,7876,7756.75,7821.5,7463.814941,362724
05-09-2017,7843,7855.950195,7801,7817.200195,7459.711914,182518
06-09-2017,7800,7904,7770,7846.649902,7487.81543,340420
07-09-2017,7888,7949,7858.5,7919.200195,7557.047852,389478
08-09-2017,7940.450195,7979.75,7892,7970.75,7606.240234,341309
11-09-2017,8000,8168,8000,8142.399902,7770.040039,547463
12-09-2017,8192,8192,8116,8154.5,7781.587402,387447
13-09-2017,8161.899902,8200,8100.149902,8122.600098,7751.145508,371832
14-09-2017,8139.950195,8164.950195,8042.049805,8070.25,7701.189453,293890
15-09-2017,8076.950195,8119.100098,8043.5,8099.75,7729.34082,400099
18-09-2017,8130.700195,8185,8130.700195,8157.850098,7784.783691,219992
19-09-2017,8178,8184.950195,8124.450195,8131.700195,7759.82959,245577
20-09-2017,8164.399902,8164.399902,8109.100098,8120.149902,7748.807129,185837
21-09-2017,8101,8170.899902,8075.100098,8144.950195,7772.473633,258168
22-09-2017,8145,8175.5,8050,8068.200195,7699.233887,366359
25-09-2017,8074,8089,7855.049805,7964.950195,7600.705078,626129
26-09-2017,7980,7980.049805,7869.100098,7889.899902,7529.087891,440508
27-09-2017,7949,7978,7715,7739.950195,7385.994629,564788
28-09-2017,7735.100098,7920,7651,7897.350098,7536.196777,768225
29-09-2017,7960,8007.799805,7925,7978.200195,7613.349121,486217
03-10-2017,8055.350098,8069.049805,7855,7888.299805,7527.560059,516298
04-10-2017,7894,7933.899902,7830.600098,7847.200195,7488.340332,301347
05-10-2017,7836,7901,7807.200195,7831.049805,7472.927734,272177
06-10-2017,7864.950195,7919,7845.049805,7903.200195,7541.779785,440453
09-10-2017,7909,7957,7866.700195,7896.700195,7535.576172,261839
10-10-2017,7890.5,7934.899902,7885.299805,7893.700195,7532.713379,224485
11-10-2017,7892,7898.850098,7801,7825.149902,7467.29834,644166
12-10-2017,7845,7918,7830,7904.25,7542.78125,396436
13-10-2017,7900,7940,7860.049805,7874.149902,7514.057617,328108
16-10-2017,7900,7935,7814,7842,7483.37793,502632
17-10-2017,7851,7902.299805,7830.899902,7838.899902,7480.419434,304861
18-10-2017,7859,7873.049805,7748.200195,7784.049805,7428.077637,489207
19-10-2017,7803,7803,7690,7731.100098,7377.549805,115449
23-10-2017,7748.799805,7860,7714,7818.5,7460.952637,471496
24-10-2017,7865.299805,7932.200195,7841.600098,7875,7514.868652,354257
25-10-2017,7930,7945,7810.299805,7870.200195,7510.288574,254379
26-10-2017,7900,8086,7866.200195,8068.049805,7699.089844,684763
27-10-2017,8123.950195,8240,8062.600098,8114.450195,7743.368652,1201080
30-10-2017,8200,8279,8163.299805,8195.25,7820.473145,726605
31-10-2017,8195,8226.5,8167.200195,8211.25,7835.741699,318652
01-11-2017,8251,8256.450195,8160,8238.400391,7861.650879,631375
02-11-2017,8250,8273.950195,8201,8225.799805,7849.625977,247753
03-11-2017,8235,8242.900391,8175,8219.400391,7843.519531,288916
06-11-2017,8209.5,8370.549805,8199.349609,8310.200195,7930.166016,392588
07-11-2017,8348,8348,8210,8220.299805,7844.377441,348296
08-11-2017,8218,8285.049805,8204.900391,8232,7855.54248,199176
09-11-2017,8273.700195,8273.700195,8148.700195,8204.799805,7829.586426,442672
10-11-2017,8198.799805,8234.900391,8111.049805,8183.5,7809.260742,351694
13-11-2017,8185,8219.049805,8080,8109.200195,7738.358887,181361
14-11-2017,8129,8186,8109,8122.950195,7751.47998,237427
15-11-2017,8100,8180,8087,8127.25,7755.583008,275441
16-11-2017,8130,8234.849609,8129.25,8163.700195,7790.366699,321844
17-11-2017,8218,8362.450195,8218,8348.349609,7966.570801,419255
20-11-2017,8377,8449,8350,8425.650391,8040.337891,372037
21-11-2017,8446,8449.450195,8401,8424.799805,8039.525391,255180
22-11-2017,8448,8525,8444,8513.150391,8123.836426,383442
23-11-2017,8512,8519,8443.5,8463.400391,8076.361328,289808
24-11-2017,8463.400391,8540,8463.400391,8487.950195,8099.789063,343432
27-11-2017,8486,8524.200195,8445,8508.599609,8119.493652,172254
28-11-2017,8490.599609,8658,8476.049805,8624.150391,8229.760742,456041
29-11-2017,8649,8696,8576,8671.349609,8274.799805,382984
30-11-2017,8650,8676,8575,8599.099609,8205.854492,582023
01-12-2017,8660,8695,8593,8609,8215.302734,436589
04-12-2017,8659.75,8659.950195,8480.549805,8500.799805,8112.050781,242191
05-12-2017,8519.950195,8554.950195,8476.5,8500.400391,8111.669434,213998
06-12-2017,8494,8638.75,8450.049805,8612.400391,8218.546875,420876
07-12-2017,8615.900391,8988.25,8614.549805,8882.400391,8476.199219,834850
08-12-2017,8929.799805,9119,8899,9042.25,8628.738281,1006694
11-12-2017,9108,9167,9089.75,9133.799805,8716.102539,564023
12-12-2017,9150,9218.5,9100,9131.349609,8713.763672,491488
13-12-2017,9091,9176,9075,9120.650391,8703.553711,446829
14-12-2017,9127,9146.799805,9046,9112.75,8696.014648,655484
15-12-2017,9170,9236.299805,9147.299805,9165.900391,8746.735352,620495
18-12-2017,9110,9344,8990.150391,9309.099609,8883.385742,658668
19-12-2017,9345,9858,9326,9801.5,9353.267578,1275759
20-12-2017,9966,9996.400391,9700.25,9733.900391,9288.760742,1216280
21-12-2017,9788,9817.400391,9610.049805,9631.049805,9190.613281,849633
22-12-2017,9665,9824.799805,9605,9700,9256.410156,814330
26-12-2017,9741,9765,9616.200195,9679,9236.370117,542587
27-12-2017,9694,9750.700195,9629.099609,9644.099609,9203.066406,402886
28-12-2017,9693.5,9693.5,9615.799805,9629.200195,9188.847656,659995
29-12-2017,9659,9769,9650,9729.549805,9284.608398,471554
01-01-2018,9749,9789,9629.799805,9651.900391,9210.508789,426354
02-01-2018,9699,9718.599609,9525,9554.049805,9117.132813,451227
03-01-2018,9597,9598,9402,9416.599609,8985.969727,658281
04-01-2018,9450,9488,9367.200195,9386.25,8957.007813,562919
05-01-2018,9458,9532,9412.549805,9433.849609,9002.429688,732512
08-01-2018,9488,9495,9425,9448.950195,9016.84082,294549
09-01-2018,9464.799805,9491.450195,9361,9383.549805,8954.431641,427590
10-01-2018,9387.799805,9454.849609,9315.900391,9375.849609,8947.083008,394826
11-01-2018,9410,9430,9326,9339.799805,8912.681641,368996
12-01-2018,9387,9494.75,9355.099609,9459.150391,9026.574219,685141
15-01-2018,9499.950195,9508.549805,9340,9358.450195,8930.479492,385462
16-01-2018,9371,9408.650391,9300,9322.049805,8895.743164,364816
17-01-2018,9316,9368.799805,9256,9313.900391,8887.966797,390461
18-01-2018,9350,9518.900391,9332,9368.700195,8940.259766,686971
19-01-2018,9325,9396,9282,9323.950195,8897.556641,542339
22-01-2018,9349,9356.75,9271.599609,9310.099609,8884.339844,454188
23-01-2018,9347,9429.299805,9290,9393.400391,8963.831055,561948
24-01-2018,9419,9519.950195,9340.450195,9434.950195,9003.481445,568489
25-01-2018,9485,9485,9250,9278.200195,8853.900391,705224
29-01-2018,9481,9714,9461,9630.700195,9190.27832,1546624
30-01-2018,9620,9675.5,9550,9571.549805,9133.833984,573988
31-01-2018,9558.049805,9585,9458.900391,9509.700195,9074.811523,462650
01-02-2018,9545,9563.700195,9312,9401.849609,8971.894531,550971
02-02-2018,9359,9359,8940,8990.599609,8579.450195,984189
05-02-2018,8850.150391,9120,8688,9080.599609,8665.334961,651062
06-02-2018,8700,9113.5,8661.599609,8984.599609,8573.724609,840339
07-02-2018,9170,9170,8873,8921.799805,8513.797852,509440
08-02-2018,8988.900391,9060,8915,9030.700195,8617.716797,465683
09-02-2018,8906,8986.549805,8870,8936.099609,8527.443359,364892
12-02-2018,8960,9150,8960,9117.849609,8700.880859,408523
14-02-2018,9149.900391,9157.5,8986,9001.599609,8589.948242,357737
15-02-2018,9049,9090,9001,9020.25,8607.746094,250781
16-02-2018,9039.900391,9070,8806.849609,8836.950195,8432.827148,632659
19-02-2018,8856,8865.849609,8691.650391,8724.849609,8325.853516,436138
20-02-2018,8745,8768.950195,8650,8722.650391,8323.754883,517802
21-02-2018,8771,8795,8708.200195,8782.75,8381.106445,471756
22-02-2018,8769,8769,8601.5,8634.049805,8239.206055,638857
23-02-2018,8665,8738.950195,8655.049805,8698.799805,8300.995117,567960
26-02-2018,8758,9055,8750.049805,9005.349609,8593.526367,869374
27-02-2018,9093,9114.950195,8872.599609,8891.200195,8484.598633,684609
28-02-2018,8870,8934,8772,8850.950195,8446.186523,680125
01-03-2018,8874,8936.049805,8811.349609,8873.450195,8467.65918,609369
05-03-2018,8867,8867,8775,8795.099609,8392.892578,388180
06-03-2018,8855.549805,8885,8600,8616.5,8222.458984,543686
07-03-2018,8621.799805,8713.849609,8552,8679.099609,8282.195313,598715
08-03-2018,8700.200195,8775,8651,8729.349609,8330.147461,533856
09-03-2018,8760,8774,8650,8660.599609,8264.541992,323450
12-03-2018,8719,8826.799805,8681.099609,8810.299805,8407.396484,438339
13-03-2018,8810,8848,8691,8756.049805,8355.62793,521943
14-03-2018,8735,8874,8725.049805,8846.299805,8441.75,411769
15-03-2018,8839.900391,8875,8800.950195,8837.549805,8433.401367,313431
16-03-2018,8869,8869,8649.400391,8676.549805,8279.762695,622932
19-03-2018,8711.5,8800,8703.549805,8773.5,8372.279297,571830
20-03-2018,8764.450195,8845.5,8735,8802.400391,8399.858398,408924
21-03-2018,8839.900391,8945,8825.049805,8874.650391,8468.803711,516020
22-03-2018,8870,8910.5,8684.400391,8696.549805,8298.847656,471749
23-03-2018,8612.549805,8640.5,8542.099609,8607.25,8213.631836,644482
26-03-2018,8607,8798,8605,8765.299805,8364.455078,447858
27-03-2018,8815,8887,8767.150391,8852.299805,8447.475586,423455
28-03-2018,8812,9084,8801,8861.099609,8455.87207,1194227
02-04-2018,8990,9088,8953.25,9008.200195,8596.246094,552649
03-04-2018,9008.950195,9060,8955,9026.450195,8613.662109,339709
04-04-2018,9078,9149.400391,8980.599609,9013.5,8601.304688,488280
05-04-2018,9050,9157.650391,9050,9132.599609,8714.956055,236956
06-04-2018,9165,9230,9042.549805,9206.200195,8785.191406,429514
09-04-2018,9220,9308.150391,9184.700195,9292.650391,8867.688477,426170
10-04-2018,9290,9315.450195,9239,9273.450195,8849.367188,299119
11-04-2018,9290,9350,9208.549805,9302.5,8877.087891,318010
12-04-2018,9290,9290,9181.099609,9204.450195,8783.521484,300797
13-04-2018,9267,9267,9106.25,9123.950195,8706.702148,366224
16-04-2018,9100,9245,9065,9232,8809.811523,271057
17-04-2018,9241,9242,9137.549805,9160.349609,8741.438477,342578
18-04-2018,9178,9227.450195,9095.900391,9121.5,8704.365234,452854
19-04-2018,9144,9183.75,9068,9077.650391,8662.520508,256088
20-04-2018,9082,9108.150391,9012.950195,9025,8612.277344,303913
23-04-2018,9039.900391,9125,9005.950195,9064.849609,8650.304688,302205
24-04-2018,9095,9142.549805,9031,9064.650391,8650.115234,312103
25-04-2018,9059,9068.799805,8908,8934.599609,8526.011719,488641
26-04-2018,8949,8981,8890,8946.450195,8537.319336,614321
27-04-2018,9015,9137,8715.099609,8783.349609,8381.678711,1873816
30-04-2018,8790,8904.200195,8760.299805,8814.950195,8411.833984,497504
02-05-2018,8915,8998,8725,8744.5,8344.605469,806846
03-05-2018,8765,8799,8700,8755.950195,8355.53125,406825
04-05-2018,8784,8790,8665,8678.200195,8281.336914,490244
07-05-2018,8693,8770,8660,8743.700195,8343.842773,342702
08-05-2018,8785,8806.200195,8690,8775.200195,8373.901367,404969
09-05-2018,8795,8795,8705,8718.349609,8319.651367,314057
10-05-2018,8758,8758,8690,8704.950195,8306.864258,298598
11-05-2018,8738,8765,8702.049805,8750.299805,8350.139648,264405
14-05-2018,8751,8760,8688.099609,8707,8308.820313,276620
15-05-2018,8725,8750.349609,8639,8726.599609,8327.524414,506107
16-05-2018,8675,8733.450195,8675,8695.599609,8297.941406,288597
17-05-2018,8725,8766.450195,8661.200195,8697.5,8299.754883,379606
18-05-2018,8700.799805,8725,8496,8510.950195,8121.736816,603507
21-05-2018,8518,8524.799805,8255.5,8428.5,8043.056641,872463
22-05-2018,8416,8586.400391,8371.25,8560.650391,8169.164063,410467
23-05-2018,8560,8564.799805,8458.200195,8497.400391,8108.805664,399631
24-05-2018,8500.099609,8518.299805,8400,8410.75,8026.117676,292331
25-05-2018,8412,8574,8395.150391,8548.150391,8157.23584,519151
28-05-2018,8560,8785,8555.099609,8709.299805,8311.015625,446264
29-05-2018,8718,8840,8680,8714.900391,8316.359375,665121
30-05-2018,8669,8669,8572.849609,8588.200195,8195.453125,508262
31-05-2018,8639,8639.099609,8515.900391,8537.200195,8146.785645,679959
01-06-2018,8610,8848.400391,8590.049805,8808.849609,8406.012695,1002010
04-06-2018,8840,8840,8726.049805,8749.849609,8349.709961,380690
05-06-2018,8750,8830,8680,8810.400391,8407.492188,400886
06-06-2018,8829,8870,8810,8842.349609,8437.981445,328784
07-06-2018,8874,8934.799805,8865,8911.25,8503.729492,267961
08-06-2018,8894,8950,8871,8932.450195,8523.959961,287823
11-06-2018,8960,9046,8921.5,9022.650391,8610.035156,337828
12-06-2018,9039,9065,8955,9016.75,8604.404297,343452
13-06-2018,9030,9094.950195,8943,8967.349609,8557.264648,369407
14-06-2018,8932.049805,9019.950195,8908,8958,8548.34082,269078
15-06-2018,8995,8995,8901,8951.599609,8542.233398,496572
18-06-2018,8947.5,9050.400391,8937.950195,8973.450195,8563.086914,305144
19-06-2018,8970,8984.799805,8820.049805,8862.599609,8457.305664,350407
20-06-2018,8873,8970,8863,8948.299805,8539.084961,325981
21-06-2018,8978,8986,8852.950195,8863.049805,8457.734375,313349
22-06-2018,8865,8887,8810,8874.900391,8469.042969,319027
25-06-2018,8869,8869,8780,8793,8390.887695,254954
26-06-2018,8793,8985.349609,8750,8931.349609,8522.910156,387769
27-06-2018,8935.950195,9012,8873,8898.299805,8491.37207,501622
28-06-2018,8892,8894.049805,8735.049805,8771.299805,8370.180664,376404
29-06-2018,8750.299805,8900,8750.299805,8825.599609,8421.996094,458807
02-07-2018,8878,8935,8800.049805,8821.049805,8417.655273,298529
03-07-2018,8825,8995,8750,8975.150391,8564.708008,375718
04-07-2018,9014,9249.25,8952.5,9220.799805,8799.124023,656141
05-07-2018,9228,9395,9225.75,9347.049805,8919.600586,887919
06-07-2018,9315,9413.950195,9260,9317.5,8891.400391,508241
09-07-2018,9395,9419.849609,9350,9374.900391,8946.176758,331872
10-07-2018,9380,9545.900391,9380,9531,9095.137695,485745
11-07-2018,9529,9529.349609,9361,9384.700195,8955.52832,328446
12-07-2018,9448,9508,9325.25,9347,8919.552734,336960
13-07-2018,9408,9495,9362.25,9431.049805,8999.758789,511150
16-07-2018,9429,9498.900391,9355,9385.299805,8956.100586,216426
17-07-2018,9351.150391,9479.700195,9347,9445.400391,9013.452148,457123
18-07-2018,9482.299805,9534,9296.900391,9366.799805,8938.446289,430624
19-07-2018,9408,9434,9350,9389.099609,8959.726563,199983
20-07-2018,9392,9464,9335,9398.950195,8969.126953,272916
23-07-2018,9448,9750,9372,9701,9257.363281,607813
24-07-2018,9778,9929,9725,9832.450195,9382.803711,749626
25-07-2018,9853,9875.849609,9701,9758.950195,9312.664063,384750
26-07-2018,9819.799805,9831.700195,9361,9396.25,8966.550781,1261317
27-07-2018,9402,9442.200195,9290,9310.400391,8884.626953,672141
30-07-2018,9320,9404.5,9233,9381.900391,8952.856445,539464
31-07-2018,9400,9548.849609,9355,9520.549805,9085.166016,426388
01-08-2018,9535,9587.75,9300,9341.599609,8914.399414,700719
02-08-2018,9327,9327,9120,9142.400391,8724.30957,875157
03-08-2018,9150,9230,9150,9187,8766.869141,470958
06-08-2018,9247.5,9300,9200,9286.400391,8861.723633,237693
07-08-2018,9316,9420,9271,9411.5,8981.103516,381947
08-08-2018,9449,9449,9183.049805,9207.400391,8786.336914,638498
09-08-2018,9239,9239,9060,9146.049805,8727.791992,651728
10-08-2018,9150,9210,9105,9148.25,8729.892578,427827
13-08-2018,9119.450195,9185,9012.200195,9080.849609,8665.573242,348201
14-08-2018,9079,9158.799805,9046.25,9132.599609,8792.416016,344056
16-08-2018,9124,9235.950195,9085,9200.549805,8936.115234,465479
17-08-2018,9243,9286.5,9130,9152.099609,8889.056641,477538
20-08-2018,9170.700195,9217.799805,9062,9074.349609,8813.540039,449317
21-08-2018,9110,9130,9050.400391,9113.299805,8851.37207,380824
23-08-2018,9145,9256,9100.099609,9223.299805,8958.209961,751705
24-08-2018,9240,9279.900391,9142.099609,9163.799805,8900.419922,401110
27-08-2018,9209,9274,9200,9245.25,8979.530273,326945
28-08-2018,9277.549805,9446.5,9215,9427.950195,9156.978516,684054
29-08-2018,9421,9468.299805,9339.650391,9368.099609,9098.848633,433440
30-08-2018,9370,9370,9182.650391,9205.799805,8941.212891,674292
31-08-2018,9208,9255,9080.299805,9096.400391,8834.957031,634522
03-09-2018,9100,9118.950195,8875,8902.150391,8646.291016,992161
04-09-2018,8912,8999,8835.450195,8868.5,8613.608398,530967
05-09-2018,8871,8950,8790.599609,8896.099609,8640.414063,491163
06-09-2018,8967.700195,8967.700195,8741,8759.849609,8508.080078,687535
07-09-2018,8775,8789,8634.25,8719.200195,8468.598633,636918
10-09-2018,8700,8750,8625,8639.400391,8391.092773,577299
11-09-2018,8668,8699.900391,8479.599609,8517.049805,8272.259766,552622
12-09-2018,8539,8539,8401,8493.950195,8249.823242,634678
14-09-2018,8593,8700,8580.349609,8626.700195,8378.756836,754169
17-09-2018,8587,8659.700195,8517,8537.799805,8292.413086,422191
18-09-2018,8537.700195,8596.5,8380.200195,8399.150391,8157.748047,507455
19-09-2018,8425.5,8448.400391,8191.049805,8210.349609,7974.374023,959340
21-09-2018,8260,8325,7599.649902,8040.149902,7809.06543,1646047
24-09-2018,8070,8070,7590.700195,7793.049805,7569.067383,1801469
25-09-2018,7750,8018.25,7680,7999.450195,7769.535645,1159438
26-09-2018,8075,8089.899902,7822.549805,7842.549805,7617.144531,754963
27-09-2018,7850,7878,7510.200195,7553.049805,7335.964844,1594739
28-09-2018,7620,7648.200195,7292.649902,7347.950195,7136.760742,1413254
01-10-2018,7354,7485,7206,7463.950195,7249.426758,1034603
03-10-2018,7400,7410.700195,7211,7246,7037.740723,1148091
04-10-2018,7150,7288,7021,7198.75,6991.848633,1104174
05-10-2018,7054.799805,7220,6801.850098,6904.350098,6705.910156,1481376
08-10-2018,6915,6989,6774.25,6889.75,6691.72998,1393849
09-10-2018,6819.75,6940,6661,6699.450195,6506.899414,1079041
10-10-2018,6748,7050,6723.25,6985.850098,6785.067871,1162309
11-10-2018,6800,6950,6705.200195,6875.5,6677.889648,869569
12-10-2018,6950,7326,6950,7287.200195,7077.756348,1053651
15-10-2018,7320,7340,7126.049805,7182,6975.580078,682234
16-10-2018,7214,7278,7123.799805,7150.899902,6945.373535,637012
17-10-2018,7237.649902,7245,6853.450195,6885.600098,6687.699219,1021019
19-10-2018,6830,6965,6715.5,6756.450195,6562.260742,903940
22-10-2018,6818,6905,6722.049805,6812.200195,6616.408691,774016
23-10-2018,6779,6857,6666,6771.299805,6576.684082,734440
24-10-2018,6850,6885,6690,6768.299805,6573.769531,681526
25-10-2018,6700,6853.700195,6620.200195,6723.200195,6529.967285,2101936
26-10-2018,6750,6795,6500,6717.299805,6524.23584,874526
29-10-2018,6722,6810,6691.049805,6798.700195,6603.296875,505428
30-10-2018,6798,6868.950195,6675.200195,6697,6504.52002,771389
31-10-2018,6760,6760,6500,6616.399902,6426.23584,1315746
01-11-2018,6648.950195,6739.950195,6600,6711.75,6518.845215,842039
02-11-2018,6769.799805,7159,6750.049805,7135.450195,6930.368652,1834118
05-11-2018,7138,7254.700195,7060.049805,7177.25,6970.966309,1040315
06-11-2018,7195,7238,7050,7075,6871.655273,667413
07-11-2018,7140,7143,7090,7127.899902,6923.034668,127507
09-11-2018,7130,7315,7040.850098,7283.5,7074.163086,986090
12-11-2018,7300,7352.5,7052,7087.799805,6884.087402,687443
13-11-2018,7049.950195,7168.75,7021,7150.450195,6944.937012,572295
14-11-2018,7180.100098,7409,7180.100098,7369.049805,7157.254395,1112945
15-11-2018,7378.899902,7515.100098,7333.549805,7478.299805,7263.36377,1048278
16-11-2018,7500,7544.049805,7302.549805,7341.200195,7130.20459,806420
19-11-2018,7360,7449,7290,7411.649902,7198.629883,577408
20-11-2018,7411.649902,7444.5,7311.649902,7333.950195,7123.162598,637243
21-11-2018,7340,7466,7331.5,7424.5,7211.110352,701156
22-11-2018,7393.950195,7480,7361.200195,7411.100098,7198.095703,668352
26-11-2018,7425,7577.75,7387.299805,7554.700195,7337.568359,899481
27-11-2018,7570,7657.799805,7500.75,7647.600098,7427.79834,783389
28-11-2018,7658,7680.5,7549.600098,7574.200195,7356.508301,686734
29-11-2018,7613,7642,7531,7546.75,7329.84668,725583
30-11-2018,7574,7727,7570.049805,7661.600098,7441.395996,869715
03-12-2018,7688.5,7800,7630.100098,7779.950195,7556.344238,772869
04-12-2018,7780,7784.950195,7701,7721.649902,7499.720215,551195
05-12-2018,7696.700195,7739.899902,7520,7554.049805,7336.936523,704296
06-12-2018,7450.049805,7486.299805,7180,7209.700195,7002.483887,1339030
07-12-2018,7244,7349.950195,7201,7313.950195,7103.737793,688881
10-12-2018,7200,7395,7170,7350.5,7139.236816,785024
11-12-2018,7240.5,7346,7215.549805,7305.350098,7095.384766,843166
12-12-2018,7340,7507.299805,7295,7471.850098,7257.099609,643037
13-12-2018,7477.5,7700,7477.5,7670.5,7450.040039,881204
14-12-2018,7684,7690,7545.950195,7662.149902,7441.929688,676653
17-12-2018,7691.899902,7800,7650,7734.049805,7511.763672,712296
18-12-2018,7710,7785,7655,7772.350098,7548.962891,658919
19-12-2018,7781,7949.75,7781,7936,7707.90918,856358
20-12-2018,7850,7919,7763.649902,7807.049805,7582.665039,824303
21-12-2018,7830,7835,7515,7536.299805,7319.696777,1257227
24-12-2018,7560,7595.649902,7470,7529.149902,7312.752441,611297
26-12-2018,7488,7600,7402,7569.100098,7351.554199,594156
27-12-2018,7649,7668.850098,7479.299805,7499.950195,7284.39209,704523
28-12-2018,7548,7580,7490,7505.549805,7289.830566,616845
31-12-2018,7550,7572.75,7443.100098,7465.5,7250.932129,547975
01-01-2019,7449.75,7494,7395,7476.799805,7261.907227,625360
02-01-2019,7445,7460,7244,7267.850098,7058.962891,891844
03-01-2019,7280,7350,7185.600098,7203.950195,6996.899414,715168
04-01-2019,7239,7309,7161.200195,7234.5,7026.571777,774445
07-01-2019,7310,7407,7300,7362.049805,7150.455566,687845
08-01-2019,7380,7454.799805,7322.100098,7439.5,7225.679199,516841
09-01-2019,7460.5,7529,7414,7492.899902,7277.544434,740580
10-01-2019,7500,7511,7360.149902,7391.600098,7179.155762,452699
11-01-2019,7382.700195,7400,7282,7320.5,7110.099609,488399
14-01-2019,7330,7433.350098,7257,7408.700195,7195.76416,424152
15-01-2019,7430,7470,7317,7355.149902,7143.753418,491196
16-01-2019,7349.5,7384,7291.100098,7310.25,7100.144043,424769
17-01-2019,7339,7398.950195,7307.5,7336.25,7125.396973,462725
18-01-2019,7345,7379.950195,7318,7357.950195,7146.473633,334555
21-01-2019,7358,7380,7161,7208.399902,7001.221191,654537
22-01-2019,7180,7180,7054.5,7068.850098,6865.682617,896521
23-01-2019,7050,7132.25,7025,7045.399902,6842.905762,702474
24-01-2019,7059.899902,7098,7014.399902,7040.600098,6838.243652,520703
25-01-2019,7054,7133,6410,6513.399902,6326.196777,3062762
28-01-2019,6512.5,6610,6317.700195,6511.049805,6323.913574,2398091
29-01-2019,6480,6619.149902,6447.399902,6526.950195,6339.357422,1101399
30-01-2019,6559,6588,6508,6548.25,6360.04541,583773
31-01-2019,6575,6660.049805,6460.049805,6641.149902,6450.274414,926270
01-02-2019,6679,7204,6652.549805,6962.299805,6762.194336,2545419
04-02-2019,6975,7039,6851.649902,6988.200195,6787.350098,658776
05-02-2019,6995,7125,6985.399902,7093.600098,6889.721191,681498
06-02-2019,7120,7220,7067,7183.399902,6976.939941,567827
07-02-2019,7201,7320,7185.100098,7302.549805,7092.665527,690174
08-02-2019,7270,7300,7100,7134.25,6929.202148,576159
11-02-2019,7150,7209.950195,7051.100098,7177.899902,6971.597656,502244
12-02-2019,7193,7230,7127.950195,7162.5,6956.640625,494592
14-02-2019,7036.700195,7111.200195,6990,7017.5,6815.807617,622311
15-02-2019,7027.399902,7058.700195,6900,6930.049805,6730.871582,768798
18-02-2019,6964.700195,6997.799805,6817,6842.700195,6646.032227,509963
19-02-2019,6855,6915.899902,6771,6804.549805,6608.978516,493861
20-02-2019,6842,6888,6804.399902,6849.899902,6653.024902,534284
21-02-2019,6868.950195,6879.649902,6715,6801.549805,6606.064453,722938
22-02-2019,6827,6939,6819.049805,6912.399902,6713.728516,764535
25-02-2019,6948,6984.899902,6870.049805,6924.899902,6725.869629,495728
26-02-2019,6885,6975,6812.600098,6904.299805,6705.861328,673415
27-02-2019,6943,7048,6853.200195,6968.5,6768.216309,961829
28-02-2019,7010,7040,6801,6829.700195,6633.405762,1031563
01-03-2019,6876.799805,6950,6827.25,6935.149902,6735.824707,768822
05-03-2019,6950,7158.149902,6894.450195,7117.75,6913.176758,838538
06-03-2019,7137.850098,7144.899902,7010,7056.899902,6854.075684,557197
07-03-2019,7078,7092.5,7002,7029.049805,6827.025879,396771
08-03-2019,6975,7025,6951,6967.700195,6767.439453,486432
11-03-2019,6980,7121.600098,6975,7081.899902,6878.357422,720905
12-03-2019,7097,7232,7096,7157.200195,6951.493164,828847
13-03-2019,7177,7202.950195,7050,7091.049805,6887.244141,534982
14-03-2019,7103,7148,7047.25,7086.299805,6882.629883,584482
15-03-2019,7109,7157,7060,7084,6880.396484,861945
18-03-2019,7077.450195,7077.450195,6776.600098,6894,6695.85791,1336134
19-03-2019,6900,6901.950195,6809.25,6825.200195,6629.035156,816763
20-03-2019,6860,6860,6650,6673.549805,6481.743164,1017560
22-03-2019,6567,6716.299805,6532.350098,6552.700195,6364.367188,1715983
25-03-2019,6515,6621,6491.200195,6522.600098,6335.131836,1093184
26-03-2019,6558,6600,6480,6585.700195,6396.418945,909087
27-03-2019,6628,6640,6500,6518,6330.664063,887601
28-03-2019,6535,6625,6501.200195,6596.25,6406.665527,949713
01-04-2019,6730.799805,6870,6700,6840.700195,6644.089844,1142386
02-04-2019,6859.450195,6900.700195,6785.5,6889.700195,6691.681152,866805
03-04-2019,6896,7098,6896,7072.899902,6869.615234,1491021
04-04-2019,7120,7170,7061.649902,7113.100098,6908.660645,1388375
05-04-2019,7095,7143.950195,7050,7107.700195,6903.416016,729603
08-04-2019,7107,7150,7044.700195,7129.450195,6924.540527,498374
09-04-2019,7134,7235,7080,7216.549805,7009.136719,741669
10-04-2019,7218.950195,7218.950195,7144.600098,7186.350098,6979.805176,590107
11-04-2019,7186.950195,7220,7150,7187.850098,6981.262207,609539
12-04-2019,7188.899902,7357,7161.049805,7342.850098,7131.807129,929935
15-04-2019,7351.049805,7389.950195,7295,7352.5,7141.179688,585205
16-04-2019,7369.899902,7475,7350,7458.549805,7244.181152,707823
18-04-2019,7533.100098,7539.350098,7434.049805,7447.450195,7233.400879,713163
22-04-2019,7422,7424.899902,7300,7321.25,7110.828125,479609
23-04-2019,7327,7388.899902,7006,7048.899902,6846.305664,952628
24-04-2019,7065,7101.950195,6910,7016.700195,6815.03125,1063510
25-04-2019,7014.75,7144.950195,6865,6905.25,6706.784668,3075510
26-04-2019,6805,6886.850098,6750,6842.850098,6646.177734,1999920
30-04-2019,6700,6750,6630,6666.399902,6474.799316,1640025
02-05-2019,6550,6709.950195,6525,6683.25,6491.164551,1337101
03-05-2019,6675,6780,6675,6710,6517.145996,795679
06-05-2019,6659,6732,6639.299805,6709.649902,6516.805664,480317
07-05-2019,6744.899902,6785.25,6680,6702,6509.375977,586684
08-05-2019,6679,6693,6616,6650.149902,6459.016113,552749
09-05-2019,6637,6678,6600,6624.950195,6434.540527,570000
10-05-2019,6623,6664.899902,6575,6631.600098,6440.999023,608669
13-05-2019,6626,6659.299805,6500,6543.75,6355.674316,555672
14-05-2019,6511,6612,6450,6576.200195,6387.191406,843313
15-05-2019,6590,6640,6463.299805,6493.75,6307.111328,612357
16-05-2019,6506,6527.299805,6441.399902,6479.649902,6293.416504,555991
17-05-2019,6497,6790,6485,6706.850098,6514.086426,782196
20-05-2019,6875,7150,6860,7084.600098,6880.979492,1286198
21-05-2019,7105,7137.75,6818,6875.350098,6677.743652,973836
22-05-2019,6877.200195,6930.549805,6841,6899.799805,6701.490723,645280
23-05-2019,6996,7049.100098,6830,6929.25,6730.094238,1364516
24-05-2019,6964.950195,7120,6886.75,7093.149902,6889.283691,1002742
27-05-2019,7095,7193.899902,6900.049805,7068.450195,6865.293945,1022289
28-05-2019,7067,7130,7031.5,7054.649902,6851.890137,915732
29-05-2019,7001,7009,6870,6891.450195,6693.381348,768022
30-05-2019,6890,6921,6825,6867.700195,6670.313965,850456
31-05-2019,6891,6961.299805,6825,6869.850098,6672.401855,1084204
03-06-2019,6760,7055,6760,7022.899902,6821.052734,1157809
04-06-2019,7000,7099,6971.75,7051.799805,6849.12207,575281
06-06-2019,7060.200195,7099,6928,6988.700195,6787.835938,720856
07-06-2019,6990,6990,6862.649902,6948.25,6748.548828,470376
10-06-2019,6980,7043.299805,6922,6969.950195,6769.625,395116
11-06-2019,6989.950195,7018.200195,6930,6978.299805,6777.734863,387309
12-06-2019,6963.799805,6967.950195,6825.049805,6852,6655.064453,494886
13-06-2019,6843,6863.700195,6766.299805,6784.700195,6589.699219,561159
14-06-2019,6775,6839,6727.350098,6747.399902,6553.471191,449930
17-06-2019,6749.399902,6768.049805,6560.5,6581.649902,6392.484863,567397
18-06-2019,6604.5,6649,6390,6439,6253.935059,1048826
19-06-2019,6485,6560.649902,6380,6424.649902,6239.99707,715496
20-06-2019,6390,6649,6340.25,6616.75,6426.576172,992450
21-06-2019,6549,6549,6370.200195,6417.25,6232.80957,1345890
24-06-2019,6411,6497.100098,6322.850098,6459.899902,6274.233887,911826
25-06-2019,6459,6540,6427.350098,6522.5,6335.035156,580392
26-06-2019,6519,6557.799805,6460.100098,6480.299805,6294.047363,572239
27-06-2019,6496.200195,6575,6475,6486.700195,6300.263672,1022011
28-06-2019,6500,6550,6475,6534.649902,6346.835449,618701
01-07-2019,6600,6618,6490,6507.850098,6320.806152,754667
02-07-2019,6510.049805,6588.799805,6482,6560,6371.457031,518084
03-07-2019,6582,6590,6515.049805,6533.799805,6346.010254,517709
04-07-2019,6540,6588,6510.200195,6544.450195,6356.354004,576449
05-07-2019,6547.200195,6579,6300,6360,6177.205566,866460
08-07-2019,6280.100098,6283.149902,5985.649902,6038.700195,5865.140137,1927495
09-07-2019,6060,6070,5910,5945.450195,5774.570801,1337999
10-07-2019,5959,5995,5900,5927.899902,5757.524414,809385
11-07-2019,5974,6050,5930,6031.200195,5857.855469,779113
12-07-2019,6017.700195,6090,5951.950195,5971.450195,5799.823242,719883
15-07-2019,5980,6096,5955,6079.700195,5904.961914,675004
16-07-2019,6079.950195,6172,6056,6158.049805,5981.05957,627259
17-07-2019,6168,6174,6050,6075.700195,5901.077148,598778
18-07-2019,6054.399902,6055.700195,5857.5,5882.350098,5713.283691,1097857
19-07-2019,5885,5910.950195,5710.100098,5769.100098,5603.288574,1228672
22-07-2019,5780,5940,5745.049805,5912.5,5742.566895,897510
23-07-2019,5910,5972.399902,5820.200195,5873.75,5704.930664,841517
24-07-2019,5865,5865,5725.299805,5768,5602.220215,800687
25-07-2019,5789.100098,5844.950195,5701.049805,5756.75,5591.293457,990461
26-07-2019,5728,5955,5683.899902,5805.649902,5638.788086,2346714
29-07-2019,5770,5770,5540,5561.25,5401.412598,1548125
30-07-2019,5562,5644.850098,5492,5507.149902,5348.867188,1189163
31-07-2019,5525.799805,5582.299805,5446.049805,5469.700195,5312.494141,1053202
01-08-2019,5469.700195,5615,5450,5572.600098,5412.436523,1134178
02-08-2019,5539.600098,5724,5485,5689.350098,5525.831055,1391678
05-08-2019,5600,5695,5452,5670.350098,5507.376465,1122496
06-08-2019,5640,5849,5640,5833.299805,5665.643066,1125521
07-08-2019,5833.950195,5867,5735.700195,5775,5609.019531,955090
08-08-2019,5725,5947,5725,5902.25,5732.611328,831725
09-08-2019,5937.649902,6155,5927.200195,6099.899902,5924.580566,1445079
13-08-2019,6099.700195,6123,5791.549805,5815.450195,5648.306641,909354
14-08-2019,5792,5933.399902,5710,5816,5727.632813,1030939
16-08-2019,5805,5995,5590,5975.049805,5884.266113,1207075
19-08-2019,5999,6024.399902,5911.600098,5982.549805,5891.651855,902389
20-08-2019,6003,6233,5959.049805,6190.950195,6096.88623,2198337
21-08-2019,6223,6276,6141,6228.899902,6134.258789,2128640
22-08-2019,6200,6298.5,6168,6208.549805,6114.217773,1551394
23-08-2019,6160,6279.600098,6040,6254.350098,6159.322266,1232405
26-08-2019,6460,6466.700195,6116.149902,6255.549805,6160.503906,1552155
27-08-2019,6297.5,6340,6256,6277.75,6182.366699,1078065
28-08-2019,6248,6248,6070,6103.399902,6010.666016,1242304
29-08-2019,6103.399902,6198,6065,6110.200195,6017.362793,1006756
30-08-2019,6144,6159.25,6052.899902,6123.75,6030.706543,794518
03-09-2019,6035,6130,6002.25,6049.700195,5957.781738,1173373
04-09-2019,6062,6076.200195,5800,5830.75,5742.158203,1964992
05-09-2019,5805,5998,5791.25,5968.649902,5877.963379,1149196
06-09-2019,5997.700195,6220,5962.100098,6186.950195,6092.946289,1524051
09-09-2019,6085,6366.950195,6040,6335.5,6239.239258,2061193
11-09-2019,6330,6630,6285.100098,6597.299805,6497.061523,2492039
12-09-2019,6565,6640,6370,6392.049805,6294.929688,1892862
13-09-2019,6434,6512.799805,6340,6450.299805,6352.29541,1929801
16-09-2019,6349.899902,6489,6340.100098,6412.75,6315.315918,1377371
17-09-2019,6410,6445.850098,6110,6130.399902,6037.255371,1706567
18-09-2019,6165,6211.799805,5986.600098,6095.049805,6002.442383,1955137
19-09-2019,6139,6175,5942.399902,5971.75,5881.016113,1721431
20-09-2019,6015,6949.799805,5982.450195,6591.950195,6491.793457,4892962
23-09-2019,6676.100098,7000,6676.100098,6897.850098,6793.04541,3140286
24-09-2019,6935,7177.899902,6855,7009.100098,6902.60498,2354230
25-09-2019,7000,7000,6602,6638.5,6537.635742,2296343
26-09-2019,6700,6899.899902,6681.049805,6857.450195,6753.259277,1893865
27-09-2019,6860,6915,6735,6773.700195,6670.78125,1457894
30-09-2019,6773,6809.600098,6640,6715.799805,6613.76123,1264165
01-10-2019,6720,6850,6650,6782,6678.955566,1473158
03-10-2019,6786.600098,6794.950195,6680,6754.049805,6651.429688,850852
04-10-2019,6793,6845.899902,6618.399902,6649.600098,6548.567383,1065056
07-10-2019,6674.700195,6699,6558.149902,6629.850098,6529.117188,696713
09-10-2019,6628,6743.799805,6590,6719.549805,6617.454102,1017731
10-10-2019,6700,6742.100098,6558.25,6605.450195,6505.087891,985523
11-10-2019,6626.299805,6720,6626.299805,6698.899902,6597.117676,835065
14-10-2019,6697.950195,6874.549805,6696.049805,6821.100098,6717.460938,963217
15-10-2019,6811,7019,6809,6985.75,6879.609375,1276061
16-10-2019,7003.450195,7013.899902,6895,6975,6869.022949,876844
17-10-2019,6977,7155.549805,6940,7123.899902,7015.660645,1248295
18-10-2019,7081.299805,7450,7061.649902,7302.299805,7191.350098,1463126
22-10-2019,7333,7392,7232,7256.25,7145.999512,959552
23-10-2019,7201.049805,7472,7200,7440.25,7327.204102,1278695
24-10-2019,7460,7475,7271,7391.399902,7279.096191,1658859
25-10-2019,7396.5,7509,7353.850098,7471.149902,7357.634277,1353615
27-10-2019,7477,7500,7392.049805,7422.100098,7309.32959,128351
29-10-2019,7416,7758.700195,7381.850098,7721.299805,7603.983398,1396732
30-10-2019,7744,7753.649902,7539.700195,7556.950195,7442.131348,1243366
31-10-2019,7612.899902,7645,7502,7559.399902,7444.543457,1067275
01-11-2019,7599.950195,7649,7545.100098,7618.649902,7502.893066,1151035
04-11-2019,7550,7625,7407.450195,7424,7311.201172,824953
05-11-2019,7429.950195,7541.950195,7325,7389,7276.73291,1207089
06-11-2019,7395,7415,7295,7311.149902,7200.06543,923041
07-11-2019,7357,7357,7241,7287.149902,7176.429688,877885
08-11-2019,7286.450195,7370,7178.049805,7200.549805,7091.145508,983936
11-11-2019,7160,7237.450195,7074,7137.299805,7028.856934,864507
13-11-2019,7130,7169.850098,7095,7154.600098,7045.894043,687017
14-11-2019,7160,7270,7160,7247.149902,7137.037598,802462
15-11-2019,7300,7359,7116.200195,7147.200195,7038.606445,1049492
18-11-2019,7150,7177,7075,7098.450195,6990.597656,537228
19-11-2019,7146,7155,7032,7045.450195,6938.402344,755114
20-11-2019,7120,7218,7044,7152.75,7044.072266,1289948
21-11-2019,7150,7200,7004.799805,7019.049805,6912.40332,763454
22-11-2019,7034,7077.450195,7000,7060.450195,6953.174805,685503
25-11-2019,7075.200195,7263.5,7040.299805,7236.100098,7126.15625,952419
26-11-2019,7238,7274,7084,7125,7016.743652,1249810
27-11-2019,7166.600098,7300,7166.600098,7294.399902,7183.569824,1070680
28-11-2019,7299.799805,7321.100098,7220.950195,7261.25,7150.92334,602077
29-11-2019,7254,7293.850098,7132,7245.850098,7135.757813,792083
02-12-2019,7291,7294.850098,7106.75,7139.350098,7030.875977,703838
03-12-2019,7142.649902,7240,7060,7138.799805,7030.333984,668269
04-12-2019,7129.799805,7170,7052,7076.100098,6968.586914,737723
05-12-2019,7090,7125.149902,6990.549805,7012.850098,6906.297852,602894
06-12-2019,7012.850098,7050,6864.100098,6886.700195,6782.064453,770911
09-12-2019,7007,7108,6952.350098,6994.75,6888.472656,1479832
10-12-2019,7019,7048.950195,6905,6963.649902,6857.845215,790378
11-12-2019,7000,7035,6955.200195,6993.200195,6886.946289,603048
12-12-2019,7030.399902,7045.950195,6975.5,6999.799805,6893.445801,932863
13-12-2019,7043.950195,7249,7030.149902,7214.950195,7105.327148,1199360
16-12-2019,7240,7257.700195,7125,7140.049805,7031.564941,727854
17-12-2019,7209.899902,7276.5,7166,7195.149902,7085.827637,939918
18-12-2019,7220,7254.950195,7164,7240.649902,7130.636719,841740
19-12-2019,7248.950195,7310,7166,7240.649902,7130.636719,1001697
20-12-2019,7240.649902,7304.350098,7227.5,7261.5,7151.169922,679779
23-12-2019,7275,7378.600098,7250.100098,7360.899902,7249.05957,914067
24-12-2019,7397,7423.700195,7302,7327.799805,7216.462402,850537
26-12-2019,7334,7343.450195,7222,7240.899902,7130.882813,556360
27-12-2019,7268,7368.5,7251.399902,7344.899902,7233.302734,665383
30-12-2019,7378,7431.950195,7341.600098,7416.25,7303.568359,739631
31-12-2019,7412.5,7412.5,7355.25,7368.600098,7256.643066,560622
01-01-2020,7377,7409.950195,7282.049805,7311.700195,7200.607422,634725
02-01-2020,7327.600098,7368,7312,7329.850098,7218.481445,616838
03-01-2020,7328.950195,7332,7226,7254.25,7144.029785,571967
06-01-2020,7200,7210,7026.5,7042.399902,6935.398926,748516
07-01-2020,7100,7165.600098,7026.399902,7073.600098,6966.125,590500
08-01-2020,7060,7116.649902,6980.450195,7035.200195,6928.308105,793313
09-01-2020,7140,7240,7102,7227.899902,7118.080078,798184
10-01-2020,7261.399902,7349.899902,7234.399902,7330.5,7219.121582,747847
13-01-2020,7332,7370,7279.799805,7352.700195,7240.984375,537399
14-01-2020,7355,7412.399902,7325.600098,7386.799805,7274.565918,548522
15-01-2020,7388.950195,7505,7353,7482.950195,7369.255371,692726
16-01-2020,7456.5,7521,7421.200195,7462.649902,7349.263184,640207
17-01-2020,7469,7569.899902,7432.549805,7520.149902,7405.889648,750738
20-01-2020,7521.25,7529.5,7421.049805,7449.600098,7336.412109,407828
21-01-2020,7411.5,7434.649902,7287.799805,7302.649902,7191.694336,442561
22-01-2020,7340,7374.950195,7107.950195,7135.600098,7027.183105,1048435
23-01-2020,7145.399902,7220,7123.149902,7147.100098,7038.508301,589326
24-01-2020,7148.799805,7210,7111.25,7128.450195,7020.14209,645723
27-01-2020,7101.5,7225,7061,7148.799805,7040.181641,573149
28-01-2020,7179.950195,7219.950195,6963,6997.049805,6890.737305,1614448
29-01-2020,7010,7116.25,6975,7010.299805,6903.786621,1001252
30-01-2020,7020,7049,6981,7020.450195,6913.782715,579174
31-01-2020,7035,7064,6895.549805,6913.5,6808.45752,868935
03-02-2020,6780,7044.850098,6780,7011.299805,6904.771484,1010531
04-02-2020,7020,7215,7001,7199.600098,7090.210449,973311
05-02-2020,7215,7231.600098,7025.600098,7040.899902,6933.921387,718489
06-02-2020,7075,7120.350098,6976.799805,7021.600098,6914.915039,875714
07-02-2020,7039,7050,6935,6971.75,6865.822266,645814
10-02-2020,6975,6989.100098,6851.100098,6892.899902,6788.17041,593773
11-02-2020,6950,7089,6912.299805,7033.75,6926.880371,743160
12-02-2020,7056.100098,7110,7007.950195,7043.299805,6936.284668,599364
13-02-2020,7050,7056,6925,7005.049805,6898.616211,723169
14-02-2020,7000.049805,7088.950195,6901,6913.799805,6808.75293,614859
17-02-2020,6920,6980,6880,6906.75,6801.810059,463548
18-02-2020,6925,6930,6735.799805,6781.100098,6678.068848,830678
19-02-2020,6850,6854.950195,6624.600098,6756.600098,6653.941406,1033939
20-02-2020,6761,6807.549805,6720,6757.600098,6654.925781,682513
24-02-2020,6710,6710,6439.799805,6470.399902,6372.089844,1091346
25-02-2020,6505.399902,6510,6376.549805,6414.549805,6317.087891,964897
26-02-2020,6350,6368.850098,6186.049805,6234.850098,6140.118652,1580738
27-02-2020,6230,6338.049805,6166.799805,6289.799805,6194.233398,1492657
28-02-2020,6163.049805,6367.350098,6103.200195,6283.100098,6187.635742,1468843
02-03-2020,6400.950195,6439.549805,6250,6285.149902,6189.654297,1219764
03-03-2020,6318,6422.149902,6280.5,6386.049805,6289.020996,849199
04-03-2020,6390,6424,6209,6384.350098,6287.347168,904360
05-03-2020,6411.899902,6464,6330.200195,6365.950195,6269.227051,645853
06-03-2020,6196.399902,6480,6100.149902,6445.950195,6348.01123,1140899
09-03-2020,6301,6374,6079.399902,6201.100098,6106.881836,1082030
11-03-2020,6160,6310.950195,6105,6146.299805,6052.914063,937029
12-03-2020,5939.299805,5939.299805,5555.549805,5643.149902,5557.408691,1345964
13-03-2020,5325.200195,6063.5,4803.049805,5838.600098,5749.88916,1480205
16-03-2020,5638.600098,5688,5400,5480.25,5396.983887,933412
17-03-2020,5502,5746.950195,5502,5603.950195,5518.804688,1238640
18-03-2020,5671,5688.799805,5312.549805,5352.649902,5271.322266,973395
19-03-2020,4870,5096.600098,4652.549805,4819.549805,4746.322266,2554559
20-03-2020,4869,5225,4812.600098,5079.200195,5002.027832,1614552
23-03-2020,4575,4790,4141,4220.350098,4156.226563,1531965
24-03-2020,4341,4570,4030,4486.450195,4418.283691,1746431
25-03-2020,4439,5159.399902,4310.100098,5005.950195,4929.890625,1728819
26-03-2020,5024.450195,5120,4750,4878,4803.884277,1338787
27-03-2020,5100,5136.5,4555,4646.100098,4575.507813,1339426
30-03-2020,4587.450195,4639.950195,4270,4328.450195,4262.684082,1528082
31-03-2020,4450,4468.049805,4210,4288.299805,4223.144043,2140261
01-04-2020,4290,4424.850098,4190.100098,4246.350098,4181.832031,1323842
03-04-2020,4250,4267,4001.100098,4011.5,3950.550049,1724808
07-04-2020,4150,4612.899902,4120,4553.649902,4484.462891,2688172
08-04-2020,4406.5,4925,4406.5,4698.100098,4626.717773,2798833
09-04-2020,4794.450195,5399,4736.200195,5326.649902,5245.717773,3786650
13-04-2020,5285,5343.399902,5001,5283.149902,5202.878418,2192268
15-04-2020,5307.5,5350,5041,5094.299805,5016.897949,2094519
16-04-2020,5017,5228,4970,5130.799805,5052.843262,1752169
17-04-2020,5325,5602.950195,5211.700195,5505,5421.35791,2192902
20-04-2020,5512,5573.950195,5280,5331.350098,5250.34668,1555307
21-04-2020,5131.299805,5131.299805,4884.5,5001.100098,4925.114258,1843169
22-04-2020,5009,5248.25,4991,5180.850098,5102.133301,1991584
23-04-2020,5169,5244.600098,5045,5156.350098,5078.004883,1454061
24-04-2020,5100,5140,5030,5045.649902,4968.987305,1070808
27-04-2020,5150.100098,5225,4991.549805,5056.350098,4979.524902,1432313
28-04-2020,5090,5120,4990.25,5052.700195,4975.930176,1172062
29-04-2020,5100,5100,5011.049805,5068.450195,4991.440918,1038094
30-04-2020,5122,5425,5122,5358.799805,5277.379395,2341081
04-05-2020,5096,5130.25,4840,4886.299805,4812.058105,1742771
05-05-2020,4995,5029.549805,4800,4829.850098,4756.466309,1570620
06-05-2020,4841.200195,5000,4710,4843.25,4769.662598,2214528
07-05-2020,4899.5,4935.350098,4735,4749.299805,4677.139648,1530808
08-05-2020,4874,4879,4637.5,4654.149902,4583.435547,1828141
11-05-2020,4750,5014.600098,4730.149902,4937.799805,4862.775391,3176473
12-05-2020,4914,4985,4690.049805,4951.299805,4876.070313,3124672
13-05-2020,5250,5317.450195,4986.25,5036.100098,4959.58252,3304845
14-05-2020,4905,5145,4852.149902,5114.049805,5036.347656,2590674
15-05-2020,5110,5123.200195,4961.149902,5100.399902,5022.904785,2182462
18-05-2020,5080.399902,5095,4680.549805,4720.950195,4649.220703,3164086
19-05-2020,4842,4900,4755.75,4805.299805,4732.288574,2108177
20-05-2020,4754,4920,4745.5,4891.950195,4817.622559,1518296
21-05-2020,4890,5073.799805,4851.049805,5050.100098,4973.369629,1868166
22-05-2020,5010,5150,4930.75,5134.299805,5056.290039,1935875
26-05-2020,5200,5285.799805,5160.649902,5246.149902,5166.44043,1508751
27-05-2020,5270,5291,5135.399902,5244.399902,5164.717285,1534655
28-05-2020,5267,5495,5220,5468.350098,5385.264648,2325084
29-05-2020,5375,5666.75,5375,5610.799805,5525.550293,3386733
01-06-2020,5690,5864.649902,5666.899902,5793.600098,5705.572754,2340994
02-06-2020,5797.75,5849,5625.100098,5690.100098,5603.645508,2110719
03-06-2020,5730,5832,5606,5624,5538.549805,1652859
04-06-2020,5658,5719.950195,5572,5690.200195,5603.744141,1642049
05-06-2020,5728.299805,5785,5671.100098,5746.200195,5658.893066,1236658
08-06-2020,5850,5850,5701.5,5734.799805,5647.666016,1176769
09-06-2020,5754,5787,5620,5662.299805,5576.267578,1336806
10-06-2020,5655,5740,5615,5675.600098,5589.365723,1432292
11-06-2020,5637,5689,5400.299805,5426.149902,5343.706055,1766481
12-06-2020,5201,5608.299805,5201,5561.75,5477.245605,2064628
15-06-2020,5520,5585,5391.049805,5475.75,5392.552246,1530562
16-06-2020,5590,5612.549805,5400,5502.200195,5418.600586,1184933
17-06-2020,5445,5813.450195,5445,5726.200195,5639.197266,3454833
18-06-2020,5695,5758,5641,5714.399902,5627.576172,1580214
19-06-2020,5751,5935,5707,5897.350098,5807.746582,1854589
22-06-2020,5900,5975,5806.350098,5896,5806.41748,1497563
23-06-2020,5900,6007.200195,5862.549805,5886.5,5797.061523,1398070
24-06-2020,5938,5938,5730,5755.350098,5667.903809,1268449
25-06-2020,5677,5846.799805,5651,5762.299805,5674.748047,1266203
26-06-2020,5800,5810,5695,5754.899902,5667.460449,1063057
29-06-2020,5730,5800,5650,5678.700195,5592.418945,1102655
30-06-2020,5750,5874.5,5681.450195,5838.299805,5749.593262,2015814
01-07-2020,5838.299805,5885,5775,5803.100098,5714.928711,1284965
02-07-2020,5850,5960,5762.799805,5948.450195,5858.070313,1470941
03-07-2020,5948.450195,5988.600098,5883.049805,5932.100098,5841.96875,1059779
06-07-2020,5963.450195,6147.700195,5925,6123.600098,6030.559082,1385081
07-07-2020,6140,6250,6092.649902,6226.75,6132.141602,1799721
08-07-2020,6226.75,6235,6022.600098,6044.399902,5952.562012,1204072
09-07-2020,6080,6096,5931.350098,6002.350098,5911.151367,1043427
10-07-2020,5980,6085.100098,5921,5955.649902,5865.160645,1168821
13-07-2020,6000,6059.25,5927.799805,5988.850098,5897.856445,1035069
14-07-2020,5951,5958.75,5750,5771.75,5684.055176,1602929
15-07-2020,5810,5879.799805,5755,5801.299805,5713.155762,1246705
16-07-2020,5809,5920,5752,5875.350098,5786.080566,1018658
17-07-2020,5898,5956,5851,5919.5,5829.560059,810152
20-07-2020,5935,5936,5812,5867.5,5778.350098,912610
21-07-2020,5919.5,6150,5900,6130.850098,6037.69873,1854694
22-07-2020,6117,6129,5939.700195,6003.399902,5912.185059,1140092
23-07-2020,6013,6090,5967.950195,6065.950195,5973.784668,701651
24-07-2020,6010,6047.350098,5932.100098,6000.700195,5909.526367,793324
27-07-2020,6008,6062.850098,5928.049805,6043.299805,5951.478516,902597
28-07-2020,6050,6320.350098,6031.149902,6282.799805,6187.339844,1774828
29-07-2020,6269.950195,6295,6118.950195,6185.149902,6091.173828,2057197
30-07-2020,6184.049805,6393.649902,6170.049805,6265.399902,6170.20459,2217867
31-07-2020,6265,6379.850098,6209,6262.75,6167.594727,1613555
03-08-2020,6380,6437.450195,6125.049805,6165.200195,6071.527344,1836582
04-08-2020,6199,6376.850098,6185,6358.950195,6262.333496,1223516
05-08-2020,6388.899902,6597.700195,6380,6526.25,6427.091309,2278663
06-08-2020,6534.950195,6585.850098,6434.399902,6555.75,6456.142578,1233252
07-08-2020,6498,6749.5,6481.850098,6679,6577.52002,1567980
10-08-2020,6690,6728.700195,6576,6608.899902,6508.485352,1601750
11-08-2020,6665,6713.5,6611,6649.200195,6548.17334,880808
12-08-2020,6609.950195,6778.049805,6592.100098,6730.299805,6628.041016,1114981
13-08-2020,6729.950195,6772,6655,6731.649902,6689.001953,1087096
14-08-2020,6740,6745.149902,6552.049805,6588.200195,6546.460938,905793
17-08-2020,6660,6789.950195,6588.200195,6768.399902,6725.519043,1028536
18-08-2020,6768.399902,6924.899902,6760.899902,6893.100098,6849.429199,1322527
19-08-2020,6924,7014.700195,6885.049805,6990.299805,6946.013184,1326450
20-08-2020,6891.100098,6999,6880.049805,6974.700195,6930.512207,958157
21-08-2020,7048,7065,6951,6973,6928.822754,971836
24-08-2020,6985,7100,6955,7082.5,7037.629395,961177
25-08-2020,7100,7175.700195,7075.649902,7109.950195,7064.905762,1047620
26-08-2020,7110,7158,6972,7008.649902,6964.24707,992395
27-08-2020,7043,7127.700195,6960.799805,7098,7053.03125,1158891
28-08-2020,7125,7156,7028.450195,7104.100098,7059.092285,1019984
31-08-2020,7138,7160,6790.450195,6839.950195,6796.616211,1580774
01-09-2020,6860.450195,7018.700195,6802,6905.649902,6861.899414,1117127
02-09-2020,6905.5,6980,6852.399902,6920.75,6876.903809,776392
03-09-2020,6925,7116.899902,6920.75,7072.600098,7027.791992,947751
04-09-2020,6985,7324,6965.049805,7190.100098,7144.547852,2185292
07-09-2020,7225,7300,7129.25,7209.149902,7163.476563,1348919
08-09-2020,7220,7278,7137.649902,7224,7178.23291,1145062
09-09-2020,7200,7256.350098,7121.200195,7215.25,7169.538086,1273303
10-09-2020,7264,7299.399902,7168,7231.649902,7185.834473,978701
11-09-2020,7279.950195,7349.899902,7175,7193.600098,7148.025391,1383019
14-09-2020,7219,7239.600098,7085,7128.850098,7083.685547,1003491
15-09-2020,7164,7175,7005,7052.799805,7008.117188,894418
16-09-2020,7074,7169,7041,7057.950195,7013.234863,920570
17-09-2020,7049.5,7112.899902,6941,7085.850098,7040.958008,1133411
18-09-2020,7148,7149,6931.600098,6964.75,6920.625488,1143550
21-09-2020,6964.75,6986.899902,6590,6626.950195,6584.965332,1290480
22-09-2020,6675,6685.950195,6312.350098,6440.549805,6399.746094,2665724
23-09-2020,6462,6549.950195,6380,6501.299805,6460.111328,1456226
24-09-2020,6435,6486.799805,6270.149902,6297.700195,6257.80127,1237674
25-09-2020,6395,6518.549805,6331,6497.700195,6456.53418,1316468
28-09-2020,6579,6720,6542.299805,6703,6660.533691,1099583
29-09-2020,6749,6813.299805,6671,6742.75,6700.031738,1199391
30-09-2020,6710,6779.950195,6671,6743.450195,6700.727539,812841
01-10-2020,6838.200195,6909,6775.399902,6796.299805,6753.242188,1255993
05-10-2020,6865,6877.600098,6745,6818.850098,6775.649902,833476
06-10-2020,6858,6939.799805,6830,6892.399902,6848.733398,756192
07-10-2020,6920,7070,6865.549805,7046.899902,7002.254883,1101957
08-10-2020,7090,7140,7021,7079.850098,7034.996094,851205
09-10-2020,7060,7159,7001,7062.399902,7017.656738,839682
12-10-2020,7110,7155,7005,7136.649902,7091.436035,799712
13-10-2020,7135,7185,7022,7032.899902,6988.343262,819414
14-10-2020,7040,7075,6927.450195,7002.350098,6957.987305,779630
15-10-2020,7029,7049.899902,6857.700195,6892.600098,6848.932617,681316
16-10-2020,6895,6980,6863,6894.899902,6851.217773,657914
19-10-2020,6975,6980,6825,6851.950195,6808.540039,548457
20-10-2020,6817,6949,6810,6844.600098,6801.236328,659864
21-10-2020,6904,6947.600098,6764.649902,6861.850098,6818.377441,911967
22-10-2020,6828,6860,6775.200195,6811.549805,6768.395508,584523
23-10-2020,6858,7124.700195,6832,7103.25,7058.248047,1758998
26-10-2020,7100,7161.299805,6935.049805,7054.799805,7010.104492,1559351
27-10-2020,7067,7209.75,7053,7158.399902,7113.04834,1461819
28-10-2020,7194.950195,7332,7110,7186.049805,7140.522949,1645177
29-10-2020,7114,7199,6986.700195,7117.700195,7072.606445,1434852
30-10-2020,7079.049805,7110,6881,6965.149902,6921.022461,1360249
02-11-2020,7044.899902,7053.399902,6850,6868.350098,6824.835938,1059351
03-11-2020,6940,6963.25,6852.450195,6913.350098,6869.550781,926491
04-11-2020,6913.350098,7054,6909.5,6954.049805,6909.992676,901404
05-11-2020,7020,7104.899902,6979.649902,7092.799805,7047.86377,843221
06-11-2020,7092,7135,6890,6907.600098,6863.837402,1378439
09-11-2020,6989.950195,7032.600098,6815,6872.149902,6828.611816,1479540
10-11-2020,6973.100098,6974,6761.450195,6793.450195,6750.410645,1695413
11-11-2020,6859,6904,6753.100098,6857.350098,6813.905762,1481918
12-11-2020,6857,6930,6792,6836.850098,6793.535645,1418041
13-11-2020,6880,6880,6786,6809.25,6766.110352,970632
14-11-2020,6850,6859.899902,6835,6852.25,6808.837891,128193
17-11-2020,6865,6996.899902,6863,6981.450195,6937.219727,1243068
18-11-2020,6979.950195,7070,6948,7054.299805,7009.60791,1400300
19-11-2020,7031,7130,6915.200195,6963.299805,6919.184082,1305695
20-11-2020,6959.549805,7020,6904,6965.850098,6921.718262,923474
23-11-2020,7040,7044,6932.600098,6987.75,6943.479492,735755
24-11-2020,7050,7209,7050,7158.399902,7113.04834,1910670
25-11-2020,7250,7252.350098,7017,7055.700195,7010.999023,947742
26-11-2020,7080,7098,6903,6994.25,6949.938477,1068945
27-11-2020,7040.299805,7111,6930,7035.799805,6991.225098,2123905
01-12-2020,7141.799805,7141.799805,6975.200195,7101.700195,7056.708008,1076695
02-12-2020,7110,7220,7105,7206.5,7160.84375,1106734
03-12-2020,7250,7782.850098,7249.600098,7739.100098,7690.069336,3846792
04-12-2020,7798,7882.649902,7641.25,7803.149902,7753.713379,2393536
07-12-2020,7828.799805,7835,7690,7743.399902,7694.342285,1037296
08-12-2020,7748,8013.149902,7700,7762.700195,7713.52002,1885285
09-12-2020,7775,7799.950195,7692,7709.25,7660.408691,822760
10-12-2020,7760,7850,7710,7736,7686.989258,1186739
11-12-2020,7779.950195,7795.700195,7700,7733.549805,7684.554199,706875
14-12-2020,7810,7825,7655,7696.799805,7648.037109,1038032
15-12-2020,7696.799805,7790,7640.549805,7765.25,7716.053711,891801
16-12-2020,7820,7899,7770,7796.350098,7746.957031,963504
17-12-2020,7799.899902,7831.899902,7625,7694,7645.255371,734075
18-12-2020,7714,7727,7541.75,7559.75,7511.855469,1078328
21-12-2020,7560,7599,7278.100098,7376.100098,7329.369141,970306
22-12-2020,7380,7438,7205.100098,7395.399902,7348.546875,1138240
23-12-2020,7400.399902,7555.600098,7394,7449.950195,7402.751465,951805
24-12-2020,7507.25,7532.75,7414.200195,7446.049805,7398.875977,589281
28-12-2020,7465,7543,7454,7483,7435.591797,521320
29-12-2020,7520,7545,7418.299805,7452.350098,7405.13623,538719
30-12-2020,7497,7635,7430,7612.899902,7564.668945,1029800
31-12-2020,7614.649902,7697,7580,7649.600098,7601.136719,908515
01-01-2021,7654,7748.5,7650,7691.299805,7642.572266,767574
04-01-2021,7739,7755.200195,7642.600098,7702.299805,7653.502441,598645
05-01-2021,7660,7673,7586,7655.450195,7606.949707,562668
06-01-2021,7654,7749,7555.5,7628.600098,7580.269531,840678
07-01-2021,7676,7704.399902,7552.100098,7566.049805,7518.115723,642968
08-01-2021,7600,8060,7600,8014.899902,7964.12207,2557157
11-01-2021,8099,8288,7882.399902,8232.75,8180.591797,2182019
12-01-2021,8161,8329,8140,8188.049805,8136.174805,1514072
13-01-2021,8188,8250,8111,8139.850098,8088.280762,877225
14-01-2021,8164.799805,8180,8023.450195,8149.450195,8097.819824,718274
15-01-2021,8157.149902,8219.5,8000.049805,8024.75,7973.909668,751177
18-01-2021,8011,8023.950195,7745,7830.649902,7781.039551,771183
19-01-2021,7900,7990.299805,7835,7922.600098,7872.406738,779892
20-01-2021,7882,8170,7860.25,8144.950195,8093.348145,999226
21-01-2021,8205,8267,8021.450195,8076.75,8025.580078,769494
22-01-2021,8085,8308,8000,8048.850098,7997.856934,1172914
25-01-2021,8117,8164.700195,7950.100098,7981.5,7930.933594,753043
27-01-2021,7992.950195,8090,7820.5,7870.899902,7821.03418,1080785
28-01-2021,7840,7984.549805,7562,7588.5,7540.42334,2085637
29-01-2021,7685,7685,7170,7206.649902,7160.992676,3069968
01-02-2021,7265.200195,7475,7152,7399.799805,7352.918945,1611478
02-02-2021,7534.899902,7769.75,7490.149902,7654.700195,7606.204102,1700845
03-02-2021,7680,7716.450195,7475.850098,7589.200195,7541.119141,1491567
04-02-2021,7600,7765,7529.049805,7640,7591.597168,1198036
05-02-2021,7680,7736,7461,7494.149902,7446.671387,1128089
08-02-2021,7515,7638,7474.5,7574.600098,7526.611816,912372
09-02-2021,7581,7680,7574,7627.049805,7578.729004,925127
10-02-2021,7605.200195,7674.899902,7506.049805,7621.700195,7573.413574,1015600
11-02-2021,7600,7744,7567.649902,7667.350098,7618.773926,818869
12-02-2021,7620.100098,7675,7525.899902,7568.5,7520.550293,756833
15-02-2021,7600,7649.100098,7580,7596.649902,7548.521973,470093
16-02-2021,7639,7799,7625.25,7697.049805,7648.285645,1321126
17-02-2021,7679.950195,7691.5,7471.299805,7503.200195,7455.664063,1023548
18-02-2021,7574.850098,7579.049805,7460,7497.549805,7450.049316,821462
19-02-2021,7448,7486.399902,7285,7323,7276.605469,1013887
22-02-2021,7323,7325,7056,7086.450195,7041.554199,1502068
23-02-2021,7118.799805,7122.350098,6938,6970.5,6926.338867,1589884
24-02-2021,6905,7036,6877.5,6952.950195,6908.900391,1225254
25-02-2021,7065,7069,6915,6930.350098,6886.443359,1740066
26-02-2021,6900,7075,6822.200195,6866.149902,6822.649902,2687534
01-03-2021,6977,7032.850098,6917.049805,7015,6970.557129,1417600
02-03-2021,7060,7235,7030,7214.100098,7168.395508,1395296
03-03-2021,7245.600098,7262.299805,7101.200195,7124.700195,7079.562012,796258
04-03-2021,7080,7175.200195,7011,7131.600098,7086.418457,906310
05-03-2021,7130,7315,7070,7249,7203.074219,1821165
08-03-2021,7264.899902,7338.799805,7216,7259.5,7213.507813,977572
09-03-2021,7329.399902,7329.399902,7256,7301.549805,7255.291504,678485
10-03-2021,7320,7387,7251,7272.100098,7226.02832,659270
12-03-2021,7300,7313,7061.399902,7096.200195,7051.242676,946720
15-03-2021,7145,7162.950195,7011,7089.299805,7044.38623,700250
16-03-2021,7100,7200,7100,7150.299805,7104.999512,796357
17-03-2021,7160,7169.950195,7043.5,7064.649902,7019.89209,688581
18-03-2021,7125,7242,7060,7113.75,7068.681152,984545
19-03-2021,7059.950195,7149.950195,6905.5,7113.549805,7068.482422,838756
22-03-2021,7104,7142.5,7050.200195,7101.25,7056.260254,533767
23-03-2021,7138,7225,7130,7186.25,7140.722168,757590
24-03-2021,7136,7158.399902,7049.950195,7066.200195,7021.432617,457147
25-03-2021,7050,7059,6755.25,6786.850098,6743.852539,1338767
26-03-2021,6889,6898.950195,6771,6784.450195,6741.467773,911299
30-03-2021,6811,6875,6740,6851.799805,6808.390625,1088817
31-03-2021,6852.299805,6939.899902,6795.200195,6859.200195,6815.744141,735382
01-04-2021,6950,6991.5,6855,6923.899902,6880.03418,660759
05-04-2021,6908.5,6908.5,6724.600098,6768.549805,6725.667969,668129
06-04-2021,6818.25,6846.950195,6720,6751.299805,6708.527344,628262
07-04-2021,6790,6885,6775.049805,6865,6821.507324,598115
08-04-2021,6881,6939.299805,6806.850098,6826.850098,6783.599121,604553
09-04-2021,6850,6875.25,6778,6827.100098,6783.847656,641327
12-04-2021,6739.850098,6739.850098,6502.149902,6520.600098,6479.289063,1020746
13-04-2021,6520,6845.399902,6468.799805,6815.799805,6772.618652,995718
15-04-2021,6846.600098,6846.850098,6551,6644.25,6602.155762,1267365
16-04-2021,6675,6784.850098,6606.049805,6648.100098,6605.981445,1000325
19-04-2021,6500.350098,6530,6415,6511.75,6470.495117,772219
20-04-2021,6615,6678.700195,6558.549805,6646.649902,6604.540527,914142
22-04-2021,6625.950195,6674.899902,6545,6650.100098,6607.96875,667911
23-04-2021,6560,6714.700195,6560,6676.100098,6633.804199,709306
26-04-2021,6690.200195,6789,6600,6638.899902,6596.839355,937344
27-04-2021,6669.950195,6709,6542,6568.75,6527.134277,1610651
28-04-2021,6568.75,6650,6545,6573.799805,6532.151855,1406270
29-04-2021,6635,6647.450195,6552,6565.649902,6524.053711,757075
30-04-2021,6537.100098,6559.600098,6421,6455.649902,6414.750488,849997
03-05-2021,6430,6622,6400,6597.850098,6556.049805,834923
04-05-2021,6639.950195,6648.5,6482,6508.25,6467.017578,507170
05-05-2021,6557.700195,6599,6483,6590.100098,6548.349121,499160
06-05-2021,6590,6709,6575.700195,6666.649902,6624.413574,520125
07-05-2021,6679,6754.549805,6640,6703.049805,6660.583008,605050
10-05-2021,6675.200195,6773.149902,6660.100098,6764,6721.146973,541534
11-05-2021,6680.149902,6749,6660.25,6736.649902,6693.970215,406046
12-05-2021,6730,6840,6685,6817.549805,6774.357422,770204
14-05-2021,6840,6842.149902,6700.200195,6736.399902,6693.72168,647029
17-05-2021,6716.5,6838.399902,6697.549805,6717.850098,6675.289551,995827
18-05-2021,6788,6864,6715.450195,6811.100098,6767.94873,805827
19-05-2021,6799,6854.950195,6760,6775.899902,6732.97168,432774
20-05-2021,6780.799805,6814.700195,6729.5,6737.850098,6695.163086,470476
21-05-2021,6780,6835.5,6744.25,6814.649902,6771.476074,434363
24-05-2021,6802,6965,6802,6871.600098,6828.06543,1027484
25-05-2021,6939.950195,6948,6888,6911.799805,6868.010742,438736
26-05-2021,6926,7051,6912,7034.299805,6989.734375,691574
27-05-2021,7022,7069,6951.149902,6968.899902,6924.749023,922091
28-05-2021,6988.600098,7047,6940.5,6970,6925.841797,393809
31-05-2021,6955,7100,6924.049805,7086.299805,7041.404785,718277
01-06-2021,7107.549805,7143,7047.049805,7091.149902,7046.224609,642841
02-06-2021,7063.450195,7197.700195,7063.450195,7184.700195,7139.182129,598862
03-06-2021,7200,7230,7165.049805,7209.5,7163.824707,401590
04-06-2021,7200,7272,7151.100098,7214.700195,7168.991699,575591
07-06-2021,7221,7328.850098,7211.100098,7275.649902,7229.555664,520482
08-06-2021,7317.5,7366.450195,7295.200195,7336.75,7290.268555,538816
09-06-2021,7310.200195,7339.200195,7200,7239,7193.137695,443778
10-06-2021,7258,7279.450195,7174.049805,7199.899902,7154.285156,278027
11-06-2021,7244,7244,7186.399902,7223.799805,7178.033691,253689
14-06-2021,7195,7212.950195,7095.049805,7177.850098,7132.375488,322353
15-06-2021,7181.149902,7228.850098,7156.299805,7166.25,7120.848633,207625
16-06-2021,7166,7193.75,7070,7114.25,7069.178223,283007
17-06-2021,7060,7099.100098,6931.100098,6969.350098,6925.196289,595255
18-06-2021,6989.850098,6989.850098,6821,6959.350098,6915.259766,797389
21-06-2021,6870,6925,6842,6899.899902,6856.186035,443795
22-06-2021,6940,7299.950195,6930,7265.399902,7219.370605,1757310
23-06-2021,7266.100098,7479,7240.049805,7432.700195,7385.61084,2227399
24-06-2021,7448.799805,7550,7410.100098,7527.450195,7479.760742,1041762
25-06-2021,7540,7665,7540,7649,7600.540039,1216123
28-06-2021,7698,7698,7571.399902,7596.25,7548.124512,433364
29-06-2021,7596,7601,7452.549805,7487.5,7440.063477,480219
30-06-2021,7505.5,7646.600098,7492.600098,7515.899902,7468.283203,729267
01-07-2021,7500,7605,7495.049805,7584.399902,7536.349609,584331
02-07-2021,7625,7634.5,7546.549805,7573.850098,7525.866211,434905
05-07-2021,7596.299805,7690,7583,7599.450195,7551.304199,484183
06-07-2021,7600,7657.950195,7487.450195,7514.950195,7467.339844,425103
07-07-2021,7528,7581,7433.649902,7449.399902,7402.20459,395336
08-07-2021,7455,7498,7385,7401.200195,7354.310547,391940
09-07-2021,7381,7447.899902,7343.399902,7425.700195,7378.655273,400686
12-07-2021,7500,7589.799805,7451.049805,7470.100098,7422.773926,496478
13-07-2021,7520,7529.200195,7404,7430.350098,7383.275391,350032
14-07-2021,7436,7449,7310,7326.75,7280.332031,460178
15-07-2021,7357,7358,7268,7307,7260.707031,430055
16-07-2021,7333,7333,7272.799805,7303.549805,7257.278809,281552
19-07-2021,7251.700195,7297,7151.100098,7165.549805,7120.152832,386598
20-07-2021,7180,7265,7144.450195,7232.700195,7186.87793,413816
22-07-2021,7302,7325,7246.299805,7299.549805,7253.304199,439934
23-07-2021,7300,7375,7277,7293.850098,7247.640137,436330
26-07-2021,7307,7360,7180,7235.799805,7189.958008,431758
27-07-2021,7241.299805,7320,7160.850098,7240.25,7194.379883,417171
28-07-2021,7280,7312,7063,7165.049805,7119.65625,739427
29-07-2021,7130,7130,6936,6993.5,6949.193359,1519226
30-07-2021,7000,7095,6964.899902,6977.700195,6933.493652,715546
02-08-2021,7100,7107.450195,7031,7076.950195,7032.114746,433760
03-08-2021,7124.950195,7221,7086.100098,7199.399902,7153.788574,470570
04-08-2021,7220,7248.600098,7003.5,7102.899902,7057.899902,484122
05-08-2021,7072,7079.950195,7006,7027.549805,7027.549805,495133
06-08-2021,7054.799805,7168.5,7042.549805,7100.799805,7100.799805,517575
09-08-2021,7135,7165,7038,7081.75,7081.75,264983
10-08-2021,7045.200195,7104.899902,6995,7001.950195,7001.950195,356726
11-08-2021,7002,7095,6925.149902,7021.5,7021.5,414311
12-08-2021,7022,7084.799805,6985,7012,7012,330283
13-08-2021,7030,7049.899902,6973.850098,7002.200195,7002.200195,431784
16-08-2021,6982.5,7018,6810,6826.850098,6826.850098,750966
17-08-2021,6800,6943,6746.399902,6885.399902,6885.399902,752517
18-08-2021,6943.75,6943.75,6820,6840.100098,6840.100098,434144
20-08-2021,6815,6914.649902,6780,6850.899902,6850.899902,657982
23-08-2021,6905,6918,6801,6825.899902,6825.899902,537302
24-08-2021,6789.5,6852,6740.600098,6803.200195,6803.200195,646993
25-08-2021,6838,6838,6700,6711.450195,6711.450195,722194
26-08-2021,6700,6701.350098,6591,6608.600098,6608.600098,1199429
27-08-2021,6629.75,6694.600098,6600,6624.850098,6624.850098,1428388
30-08-2021,6690,6810,6653.850098,6796.899902,6796.899902,819447
31-08-2021,6820,6872,6763.549805,6846.100098,6846.100098,938326
01-09-2021,6799.950195,6820,6702.350098,6784.899902,6784.899902,1108476
02-09-2021,6852.700195,6858.950195,6708.200195,6792.899902,6792.899902,741052
03-09-2021,6770,6958,6751.600098,6863.100098,6863.100098,1196077
06-09-2021,6925,6954,6838,6846.899902,6846.899902,897444
07-09-2021,6879.899902,6929.899902,6853.700195,6877.149902,6877.149902,743783
08-09-2021,6852.100098,6858.350098,6756,6781.25,6781.25,847767
09-09-2021,6750,6818.450195,6740,6802.25,6802.25,515702
13-09-2021,6835.5,6895.450195,6813.299805,6873.700195,6873.700195,508397
14-09-2021,6910,6955,6851.100098,6894.450195,6894.450195,817280
15-09-2021,6938,6938,6880,6909,6909,310138
16-09-2021,6913.299805,6949,6870,6930.950195,6930.950195,556648
17-09-2021,6955,7064.75,6950,7014.450195,7014.450195,980793
20-09-2021,6979.899902,7015.450195,6906.200195,6950.399902,6950.399902,550405
21-09-2021,6912.5,6939.700195,6741,6777,6777,1085249
22-09-2021,6820,6846,6785,6831,6831,548623
23-09-2021,6868,6879.899902,6821,6846.700195,6846.700195,432740
24-09-2021,6850,7037.799805,6848,6952.25,6952.25,1649962
27-09-2021,6974,7448,6974,7403.450195,7403.450195,2646138
28-09-2021,7448,7521.549805,7333.5,7423.850098,7423.850098,1346961
29-09-2021,7390.5,7465,7291,7384.049805,7384.049805,643556
30-09-2021,7384.75,7408.049805,7301.049805,7338.049805,7338.049805,625717
01-10-2021,7220,7220,7090,7162.299805,7162.299805,901588
04-10-2021,7180,7214.950195,7131.799805,7170.299805,7170.299805,466994
05-10-2021,7164.799805,7300,7155.649902,7258.25,7258.25,546004
06-10-2021,7270.899902,7281.5,7164.25,7199.25,7199.25,726695
07-10-2021,7234.950195,7555,7225.25,7492.5,7492.5,1646727
08-10-2021,7548.700195,7571.950195,7401.149902,7430,7430,630622
11-10-2021,7420.200195,7814.799805,7419.799805,7700.799805,7700.799805,1069536
12-10-2021,7687.899902,7750,7630.049805,7693.799805,7693.799805,406814
13-10-2021,7740,7749.950195,7436.549805,7482.149902,7482.149902,1084436
14-10-2021,7540,7560,7445,7496.899902,7496.899902,831546
18-10-2021,7405,7705.299805,7405,7657,7657,913963
19-10-2021,7670.200195,7768.600098,7585,7655.649902,7655.649902,658869
20-10-2021,7615,7667.350098,7515,7590.75,7590.75,488082
21-10-2021,7650,7650,7485,7575.25,7575.25,563128
22-10-2021,7600,7625,7386.549805,7408.899902,7408.899902,224520
25-10-2021,7355,7396.049805,7219.649902,7260.600098,7260.600098,248058
26-10-2021,7265,7337.950195,7210.200195,7297.350098,7297.350098,292203
27-10-2021,7285,7461.25,7244,7356.25,7356.25,1218064
28-10-2021,7250,7529.700195,7235.049805,7369.700195,7369.700195,961511
29-10-2021,7350,7550,7294.850098,7482.399902,7482.399902,819875
01-11-2021,7401,7666,7401,7615.549805,7615.549805,1005690
02-11-2021,7647.950195,7910,7630.799805,7791.75,7791.75,1302733
03-11-2021,7791.75,7842.25,7711.600098,7734.25,7734.25,656492
04-11-2021,7774.700195,7819.950195,7735.5,7747.399902,7747.399902,53365
08-11-2021,7759.950195,7882.600098,7672,7684.600098,7684.600098,428433
09-11-2021,7709,7764.5,7538.700195,7577.549805,7577.549805,632879
10-11-2021,7570,7580,7460,7511.649902,7511.649902,562432
11-11-2021,7512,7567.5,7442,7453.450195,7453.450195,486991
12-11-2021,7530,7544,7442,7479.850098,7479.850098,349666
15-11-2021,7452,7579.850098,7452,7503.100098,7503.100098,314414
16-11-2021,7545,8128.75,7535.049805,8050.350098,8050.350098,2619355
17-11-2021,8035,8350,8015.049805,8274.75,8274.75,2377268
18-11-2021,8234,8368,8001.100098,8117.149902,8117.149902,1337493
22-11-2021,8158,8187.850098,7806.549805,7864.399902,7864.399902,672298
23-11-2021,7849.100098,7953.950195,7805,7854,7854,567198
24-11-2021,7865.5,7897.950195,7636.600098,7669.450195,7669.450195,571078
25-11-2021,7640,7719.399902,7435,7572.5,7572.5,1007618
26-11-2021,7520,7520,7130,7170.5,7170.5,1154876
29-11-2021,7166,7210,6990.700195,7149.5,7149.5,733010
30-11-2021,7149.5,7250,7015.549805,7067.799805,7067.799805,1287938
01-12-2021,7191,7380,7130.049805,7273.25,7273.25,1669583
02-12-2021,7285,7355.450195,7245.649902,7324.950195,7324.950195,618573
03-12-2021,7305,7329,7148.75,7208.700195,7208.700195,603798
06-12-2021,7193,7200,7021,7042.850098,7042.850098,609507
07-12-2021,7129,7261.799805,7091.200195,7186.600098,7186.600098,637151
08-12-2021,7225,7497.850098,7151.100098,7434.899902,7434.899902,930339
09-12-2021,7469,7469,7325,7421.75,7421.75,615037
10-12-2021,7380,7475,7357.950195,7425.649902,7425.649902,431682
13-12-2021,7485,7575.899902,7425,7516.399902,7516.399902,883009
14-12-2021,7516.799805,7556.299805,7457.799805,7493.149902,7493.149902,749704
15-12-2021,7476,7640,7453.049805,7567.950195,7567.950195,529018
16-12-2021,7591.5,7621,7406,7450.799805,7450.799805,595582
17-12-2021,7480,7480,7241,7296.600098,7296.600098,1081907
20-12-2021,7200,7321.549805,7035.850098,7286.600098,7286.600098,867425
21-12-2021,7306.5,7404.950195,7284,7315.149902,7315.149902,415744
22-12-2021,7305.5,7454,7305.5,7423.75,7423.75,368978
23-12-2021,7481,7500,7355,7387.149902,7387.149902,249919
24-12-2021,7441,7449.850098,7252.149902,7317.100098,7317.100098,357447
27-12-2021,7277.100098,7330,7186.200195,7289.5,7289.5,190180
28-12-2021,7320,7359,7255.100098,7297.450195,7297.450195,214533
29-12-2021,7297.700195,7365,7240.450195,7350.049805,7350.049805,287776
30-12-2021,7350,7395.149902,7255.399902,7282.25,7282.25,296041
31-12-2021,7290.049805,7449.5,7290.049805,7426.450195,7426.450195,313398
03-01-2022,7420,7605.950195,7420,7523.899902,7523.899902,456599
04-01-2022,7600,7649,7520,7630.100098,7630.100098,495182
05-01-2022,7624.850098,7808,7605.600098,7775.350098,7775.350098,710043
06-01-2022,7782,7899.450195,7683.950195,7882.100098,7882.100098,739981
07-01-2022,7882.100098,7944.799805,7835.5,7906,7906,523116
10-01-2022,7950,8232,7924.149902,8125.600098,8125.600098,827930
11-01-2022,8100,8162.450195,8069.299805,8143.850098,8143.850098,688923
12-01-2022,8200,8200,8115,8170.75,8170.75,288174
13-01-2022,8175,8260,7952,8077.049805,8077.049805,684931
14-01-2022,7951,8145,7951,8084.200195,8084.200195,299536
17-01-2022,8124.799805,8368.900391,8100.100098,8265.5,8265.5,862249
18-01-2022,8248.950195,8248.950195,7891.5,7915.149902,7915.149902,785199
19-01-2022,7929,8060,7860,8015.700195,8015.700195,681632
20-01-2022,8000,8140,7997.549805,8036.350098,8036.350098,522850
21-01-2022,7970,8244,7856.049805,8189.600098,8189.600098,1041476
24-01-2022,8189,8332.799805,7952.799805,8052.299805,8052.299805,1153538
25-01-2022,7990,8664,7887.899902,8602.599609,8602.599609,2162832
27-01-2022,8656,8971.650391,8400.049805,8820.200195,8820.200195,2899559
28-01-2022,8795,8930,8522.349609,8550.950195,8550.950195,1045088
31-01-2022,8625,8720,8552.799805,8597.299805,8597.299805,561419
01-02-2022,8693,8790.799805,8351,8559.400391,8559.400391,819689
02-02-2022,8579.700195,8683,8440.25,8515.25,8515.25,580433
03-02-2022,8550,8798,8522.700195,8593.650391,8593.650391,810019
04-02-2022,8639.900391,8680,8492.099609,8550.549805,8550.549805,404421
07-02-2022,8545,8615,8400,8511.650391,8511.650391,446099
08-02-2022,8616.700195,8789.099609,8436.049805,8599.450195,8599.450195,998182
09-02-2022,8622,8989.799805,8622,8949.450195,8949.450195,1403525
10-02-2022,9050,9050,8789.900391,8805.450195,8805.450195,811887
11-02-2022,8738,8865,8673.299805,8737.150391,8737.150391,671572
14-02-2022,8500,8615.049805,8325,8366.400391,8366.400391,995540
15-02-2022,8410,8664.25,8356.5,8622.700195,8622.700195,682766
16-02-2022,8720,8736.400391,8544,8582.950195,8582.950195,422704
17-02-2022,8575,8658.299805,8525,8552.450195,8552.450195,305313
